date,weight,temp,nedbor,vind
1/1/2020,2060,6.4,6.6,24.9
1/2/2020,16354,6.8,5.9,26.3
1/3/2020,41101,2.4,9.5,20.6
1/4/2020,28183,1.2,2.6,23.9
1/5/2020,35656,2.8,1.5,16.8
1/6/2020,59223,6.6,5.6,14.1
1/7/2020,72815,6.4,11.1,18.9
1/8/2020,50093,4.4,10.3,21.4
1/9/2020,49024,3.3,4.3,24.6
1/10/2020,63357,3.9,3,13.5
1/11/2020,59922,5,7.3,20.1
1/12/2020,47574,4.2,6.2,18.2
1/13/2020,58922,3.8,8.9,15.6
1/14/2020,93123,4.1,4.4,10.6
1/15/2020,153977,4.1,6.4,10.6
1/16/2020,131091,5.1,8.4,14.3
1/17/2020,121713,4.6,6.7,11.8
1/18/2020,153271,4.2,3,11.7
1/19/2020,117323,4.8,0.1,12.5
1/20/2020,83715,5.7,5,16.6
1/21/2020,33826,2.8,6.4,16.8
1/22/2020,50446,4.3,16,17.6
1/23/2020,76718,1.1,3.4,20.2
1/24/2020,90801,1.9,5.6,15.8
1/25/2020,109999,0.8,0.7,15.3
1/26/2020,87608,0.1,0.1,14.8
1/27/2020,154393,1.3,0,10.9
1/28/2020,177810,2.2,2.2,9.4
1/29/2020,211391,3,0,10.8
1/30/2020,203201,2.9,0,10.2
1/31/2020,173053,3.4,5.4,19.6
2/1/2020,92543,2.6,25.1,15.7
2/2/2020,93852,-0.5,3.1,12.4
2/3/2020,103604,-0.6,2.8,16.2
2/4/2020,157427,-0.9,2.1,18.8
2/5/2020,80304,0.6,0.6,14.7
2/6/2020,144411,5.2,1.6,15.7
2/7/2020,149209,5.4,1.7,12
2/8/2020,124341,4.8,0,13.6
2/9/2020,141800,3.3,0.3,10.9
2/10/2020,287292,3.7,2.6,13
2/11/2020,201301,2.7,0.6,14.2
2/12/2020,235147,1.4,0.2,12.9
2/13/2020,230714,0.9,1.6,15.7
2/14/2020,166400,2,0.9,10.6
2/15/2020,171744,4.6,0,18.5
2/16/2020,113113,4.5,6.9,11.8
2/17/2020,258916,2.6,8.2,16.8
2/18/2020,122477,0.8,0.9,13.5
2/19/2020,252114,1.8,0.5,15.4
2/20/2020,202760,4.3,6.7,22.7
2/21/2020,117430,4.2,9,22.4
2/22/2020,32144,2.5,7.2,22.4
2/23/2020,33222,0.7,1.2,20.7
2/24/2020,97510,0.8,1.4,18.1
2/25/2020,247687,2.5,0.4,14.2
2/26/2020,245762,1.9,0,14.6
2/27/2020,129674,0.7,4,18.1
2/28/2020,167632,-0.5,12,18.5
2/29/2020,152931,-0.7,1.4,15.8
3/1/2020,138127,0.2,0,13.1
3/2/2020,186516,1.3,0,14.4
3/3/2020,251012,2.9,0,13
3/4/2020,219868,1.4,0.4,10.2
3/5/2020,324802,2.8,2.9,8.9
3/6/2020,342485,3.9,9.1,14.3
3/7/2020,276002,3.8,2.1,11.7
3/8/2020,223553,5.4,3.1,16.7
3/9/2020,133680,2.8,2.1,12.6
3/10/2020,186871,3.1,0,12.6
3/11/2020,260953,0.2,4.6,19.1
3/12/2020,161162,-2.8,0.8,22.4
3/13/2020,132417,-0.4,2.5,21.7
3/14/2020,204629,1.2,20.1,21.1
3/15/2020,121162,1.8,0,22.5
3/16/2020,110977,3.8,4.4,21.3
3/17/2020,102031,3.6,5,13.5
3/18/2020,181396,0.4,1.3,16.6
3/19/2020,192740,-0.2,0.8,18.4
3/20/2020,275162,2.3,0.6,13.2
3/21/2020,164296,4.1,2.3,19.8
3/22/2020,33302,5.2,4.7,19.3
3/23/2020,60136,5.8,11.4,18.9
3/24/2020,41075,4.1,5,14.4
3/25/2020,127312,4.8,1.4,16.6
3/26/2020,114740,4,5.4,14.6
3/27/2020,136012,-1.9,4.4,20.8
3/28/2020,93855,-1,1.4,16.3
3/29/2020,130071,0.9,0.7,17.7
3/30/2020,231994,3.5,8.7,20
3/31/2020,91258,2.3,0.7,18.2
4/1/2020,207852,-0.4,0,17.9
4/2/2020,176586,-0.6,1.4,17.4
4/3/2020,254287,-2.2,5.6,15.3
4/4/2020,168963,-0.6,0.3,13.6
4/5/2020,148610,3.2,0.7,12.2
4/6/2020,163001,5.8,0.1,16.9
4/7/2020,67198,4.2,4.5,26.5
4/8/2020,24185,1.7,2,13.3
4/9/2020,64284,1.1,0.6,14.7
4/10/2020,88320,2.2,0.8,12.9
4/11/2020,128606,2.1,0,20.1
4/12/2020,61525,1.7,0.3,25.9
4/13/2020,33690,3,0.2,14
4/14/2020,129030,3,2.6,11.9
4/15/2020,162805,2.4,2.3,14.3
4/16/2020,192203,3.6,3.6,16.3
4/17/2020,181454,5.3,0.9,8.8
4/18/2020,214288,5.7,0.2,9.1
4/19/2020,179049,5.7,0,7.6
4/20/2020,235801,5.8,0.1,6.8
4/21/2020,235100,5,0,6
4/22/2020,189934,4.9,0.2,8.3
4/23/2020,211177,4.8,0.8,8
4/24/2020,176429,4,0.1,12.2
4/25/2020,64934,3.7,0.3,12.4
4/26/2020,54610,3.7,0,14
4/27/2020,105616,2.9,0,8.5
4/28/2020,162031,4.8,0,8.2
4/29/2020,163154,4.7,0,6
4/30/2020,145642,5.5,0,8.4
5/1/2020,53647,4.9,0,9.9
5/2/2020,73198,4.8,2.6,9.1
5/3/2020,35406,4.9,0.6,11.8
5/4/2020,139951,4.7,2.2,18
5/5/2020,69252,4,7.6,14.7
5/6/2020,46568,2.4,1,15.3
5/7/2020,63092,1.9,0.2,9.9
5/8/2020,77352,1.5,1.5,11.9
5/9/2020,37816,2.2,0.4,9.9
5/10/2020,30013,2.8,0.7,11.9
5/11/2020,88041,2.1,3.9,14.2
5/12/2020,51529,1.1,2.6,11.7
5/13/2020,47186,2.5,2.7,7.7
5/14/2020,83470,2.4,0.2,13.6
5/15/2020,46029,4.9,4.7,14.3
5/16/2020,21601,5.8,0,9
5/17/2020,7545,4.2,0,9.1
5/18/2020,78504,5.4,0.5,5.9
5/19/2020,90677,5.4,0,8.1
5/20/2020,121840,6.3,1.1,8.4
5/21/2020,40634,8,0,9.3
5/22/2020,87332,10,0,9.9
5/23/2020,31011,9.7,0.1,7.1
5/24/2020,19251,8.4,0,10.5
5/25/2020,91270,8.4,0.1,11.4
5/26/2020,76672,8.2,1.7,13.2
5/27/2020,50479,7.8,1.8,11.9
5/28/2020,55118,7.6,5.3,9.7
5/29/2020,37566,8.1,0,7.5
5/30/2020,13517,10.6,0.1,5.2
5/31/2020,13569,12.2,0,6.3
6/1/2020,20049,8.3,0,7.5
6/2/2020,79808,7.4,0.7,8.1
6/3/2020,60236,9.2,0.8,9.9
6/4/2020,68405,11.2,0,9.9
6/5/2020,55324,10.6,0,7.9
6/6/2020,30546,8.1,0,8.9
6/7/2020,21809,6.9,0.1,7.7
6/8/2020,45381,7.7,1.2,6.7
6/9/2020,53941,8.2,0,10.7
6/10/2020,56476,8.7,0,9.6
6/11/2020,49820,9.3,0,7.3
6/12/2020,44865,14.3,0.1,10
6/13/2020,19670,11.7,0,5.1
6/14/2020,16141,9.3,2.4,7.8
6/15/2020,45472,10.3,1.2,8.2
6/16/2020,31801,11.3,0,7.7
6/17/2020,41421,9.6,0.1,13.4
6/18/2020,51237,9.6,0,12.8
6/19/2020,21893,13.1,0,10.5
6/20/2020,10413,14.7,0,7
6/21/2020,10175,15.7,0,7.7
6/22/2020,52629,14,0,7.9
6/23/2020,45050,12.7,0,9.6
6/24/2020,48815,13.1,3.2,9.8
6/25/2020,47443,11.9,0,7.9
6/26/2020,26593,11.9,0,10.4
6/27/2020,10450,13.5,0,10.7
6/28/2020,6855,10,0,18.7
6/29/2020,33271,8.1,0.1,20.2
6/30/2020,17762,9,0.1,13.8
7/1/2020,20690,10.3,0.2,7.5
7/2/2020,26991,11,0,6.1
7/3/2020,27382,10.9,0,4.6
7/4/2020,22151,10.6,0,7.5
7/5/2020,11843,10.2,0.1,11.9
7/6/2020,29974,10,0,10.3
7/7/2020,24132,11.1,0.4,6.6
7/8/2020,42686,11.8,0.1,7.9
7/9/2020,27089,12.4,0.6,6.4
7/10/2020,42804,11.6,4.5,10.4
7/11/2020,22935,11.5,4.7,7.8
7/12/2020,4753,12.5,0,8
7/13/2020,40707,12.5,0.2,8.3
7/14/2020,47565,14.1,0,6.1
7/15/2020,36693,13.3,0,4.7
7/16/2020,52023,13.2,4,10
7/17/2020,47223,13.7,11.9,9.5
7/18/2020,11659,14.4,0.3,9.1
7/19/2020,6878,13.4,0,5.4
7/20/2020,24401,12.7,0,4.9
7/21/2020,29505,12.6,0,7.8
7/22/2020,38960,11.3,0.1,13.2
7/23/2020,24647,11.1,5.5,12.4
7/24/2020,21846,11.4,1.8,7
7/25/2020,15086,13,8.6,8
7/26/2020,10281,14.8,0,10
7/27/2020,36743,14.2,2,8.7
7/28/2020,27230,15,0,8.2
7/29/2020,19287,15.2,0,7.8
7/30/2020,36026,12.8,0,5.7
7/31/2020,26396,12.8,0.3,5.2
8/1/2020,14241,14.2,0,7.5
8/2/2020,18300,15.1,0,6.5
8/3/2020,51343,12.6,5.3,10.5
8/4/2020,43339,13.3,2.7,6.7
8/5/2020,57530,13.5,0.1,9.5
8/6/2020,62180,13.5,1.4,6.1
8/7/2020,63605,14.5,0,8.9
8/8/2020,26918,12.7,5.7,10.9
8/9/2020,14222,12.8,0.2,5.1
8/10/2020,43086,13.6,0,6.6
8/11/2020,62729,13.7,0,5.9
8/12/2020,77017,12.7,0,7.3
8/13/2020,66573,12.8,0.4,13.3
8/14/2020,66091,12.6,5.5,11.8
8/15/2020,16591,10.4,0.2,13.8
8/16/2020,18809,10.8,0.7,9.1
8/17/2020,45681,10.7,0.1,5.4
8/18/2020,45436,11,0,7.4
8/19/2020,72644,11,0.8,5.8
8/20/2020,76948,12.2,0,7.9
8/21/2020,102152,14.6,4,9.3
8/22/2020,30498,12.2,2.3,10.8
8/23/2020,15793,11,0,8.4
8/24/2020,63598,11.2,0.2,9.4
8/25/2020,68603,10.2,1.8,8.7
8/26/2020,72503,9.4,0.7,7.9
8/27/2020,95056,9.5,1.1,7.1
8/28/2020,90613,9.8,0,6.7
8/29/2020,35010,9.3,2.7,9.6
8/30/2020,25882,10.2,0.2,10.6
8/31/2020,85710,12.5,3.6,10.3
9/1/2020,72359,13.1,0,9
9/2/2020,87092,14.6,0.2,8.2
9/3/2020,94160,12.9,0,7.1
9/4/2020,89211,12.3,0.8,5.5
9/5/2020,20509,11.7,0,7
9/6/2020,18379,11.3,1.3,13.9
9/7/2020,72723,10.9,12.3,16.1
9/8/2020,54214,9.5,5.2,14.7
9/9/2020,52037,9.4,3.1,13.6
9/10/2020,51864,10.6,3.3,13.2
9/11/2020,54103,11.2,13.5,12.5
9/12/2020,21828,10.1,4.4,14.6
9/13/2020,9889,10.3,7.9,14
9/14/2020,59803,8.8,7.7,10.2
9/15/2020,73273,8.4,6,13.2
9/16/2020,86426,9.1,0,14.7
9/17/2020,65962,10,11.9,17.1
9/18/2020,42279,8.7,0,14.3
9/19/2020,14364,9.7,5.5,17.5
9/20/2020,10201,9.6,17.9,25.2
9/21/2020,35197,7.3,1,20.2
9/22/2020,38025,8.6,5.9,28.9
9/23/2020,47611,7.4,7.6,17.8
9/24/2020,42296,7.5,14.6,20.2
9/25/2020,61180,6.8,10.6,8.5
9/26/2020,29485,9.3,0,9.8
9/27/2020,26039,12.3,0.1,8.9
9/28/2020,101626,11.6,0.2,8.8
9/29/2020,107200,11.7,0.2,7.1
9/30/2020,131779,12.2,0,7.8
10/1/2020,120162,11.6,0,6
10/2/2020,98870,11.6,0.1,8.1
10/3/2020,55749,12,0,10.7
10/4/2020,39777,12.2,0,11.2
10/5/2020,99540,12,0,10.4
10/6/2020,102639,12.3,0,11.2
10/7/2020,92115,11.2,4.1,12.9
10/8/2020,100994,10.8,0.1,7.1
10/9/2020,116574,10.3,4.6,7
10/10/2020,52846,9.2,0.1,11.6
10/11/2020,39386,8.2,10.5,10.8
10/12/2020,109899,7,0,10.6
10/13/2020,119070,7.2,2.8,11.4
10/14/2020,99963,5.8,1.7,21.6
10/15/2020,94636,6.1,5.6,19.1
10/16/2020,110831,5,0.5,8.2
10/17/2020,42524,4.4,0,6.6
10/18/2020,31855,4.8,0.5,10.3
10/19/2020,101136,4,0.2,9.1
10/20/2020,100230,5.3,0.8,12.9
10/21/2020,105724,6.5,1.6,9.7
10/22/2020,108456,6.3,0,15.2
10/23/2020,109308,8.9,9.9,13.3
10/24/2020,41572,8.3,2.5,13.6
10/25/2020,29156,7.8,0,5.9
10/26/2020,52528,6.1,5.3,11.8
10/27/2020,75842,5,0,11.4
10/28/2020,118702,8,1.5,15.9
10/29/2020,107690,9.6,0,12.9
10/30/2020,102438,8.7,2,12.6
10/31/2020,36884,7.7,12,13.9
11/1/2020,35791,6.5,1.7,15.1
11/2/2020,72255,6.9,11,21.7
11/3/2020,60188,8.3,2.9,18.3
11/4/2020,52364,5.9,4.4,17.9
11/5/2020,54078,5.6,1.2,14.5
11/6/2020,50341,5.1,1.7,16.2
11/7/2020,26580,5.8,0.2,9
11/8/2020,16992,8.8,1.4,8.5
11/9/2020,55229,8.8,0,11.8
11/10/2020,71554,7.9,0,12.3
11/11/2020,116775,8.3,0.1,14.7
11/12/2020,124764,7.8,15.5,16.3
11/13/2020,129135,9.5,6.1,11.6
11/14/2020,44332,8.2,4.6,17.7
11/15/2020,33604,3.2,4.8,18.6
11/16/2020,76060,1.4,1.5,20.1
11/17/2020,77593,2.3,3.5,19.3
11/18/2020,51693,4.9,1.2,20.5
11/19/2020,57414,6.3,23.2,14.2
11/20/2020,71622,5.2,3.1,14.8
11/21/2020,45806,4.7,0.5,14.1
11/22/2020,44719,5.5,3,13.7
11/23/2020,106003,5.6,2.8,6.1
11/24/2020,147592,6.4,0.2,13.4
11/25/2020,139638,6.6,0.6,12.8
11/26/2020,151210,7.4,3.6,17
11/27/2020,139891,5.9,16.5,19.2
11/28/2020,78148,2.8,7.3,16
11/29/2020,43790,6.6,3.4,19.3
11/30/2020,101764,5.2,15.1,15.3
12/1/2020,88657,5.5,5.1,11.3
12/2/2020,68703,3.6,3.3,16.8
12/3/2020,80489,4,2.7,13.1
12/4/2020,111991,4.5,0.8,9.6
12/5/2020,61153,6.1,0.1,11.1
12/6/2020,31337,5.6,0.5,11.8
12/7/2020,109830,5.5,2.1,11.2
12/8/2020,102303,5.1,0,6.8
12/9/2020,98576,4.1,0,5.5
12/10/2020,78580,4.3,0,5.8
12/11/2020,90106,5.3,0.1,5.9
12/12/2020,47779,4.9,0,6.9
12/13/2020,26397,3.9,0,8
12/14/2020,78371,3.3,0.4,10.2
12/15/2020,94663,4,2.8,9.5
12/16/2020,56138,5.3,2,9.6
12/17/2020,45672,7.5,8.8,13.3
12/18/2020,47681,7.1,13.7,16.5
12/19/2020,24212,6.1,5.5,16.1
12/20/2020,11717,3.8,4,6.4
12/21/2020,19767,3.8,6.3,13.9
12/22/2020,16163,2.9,0.3,14.1
12/23/2020,5495,2.1,0.2,15.3
12/24/2020,36,1.8,1.6,14.4
12/25/2020,7,6.5,0,12.5
12/26/2020,2060,5.1,0,10.1
12/27/2020,3311,4.6,0.9,9.5
12/28/2020,7511,3.4,0,7.5
12/29/2020,8252,2.5,0.1,7.7
12/30/2020,19607,4.6,0.1,8.2
12/31/2020,17849,4.1,1.5,10.8
1/1/2021,3065,5.2,0.5,10.3
1/2/2021,53800,6.3,1.8,10.4
1/3/2021,76565,5.7,2.7,11.4
1/4/2021,103142,1.5,0,11.9
1/5/2021,102836,0.4,0.1,8.6
1/6/2021,115922,3.1,0.2,16.3
1/7/2021,130193,1.8,0,17
1/8/2021,148123,0.7,1.1,10.9
1/9/2021,77690,1.2,0.4,16.9
1/10/2021,31497,0.7,0,15
1/11/2021,97298,1.7,0,5.7
1/12/2021,100271,3.4,2.4,8
1/13/2021,145154,2.5,0.6,6.8
1/14/2021,150398,2.6,0.3,6.3
1/15/2021,149593,1.5,0,5.4
1/16/2021,95842,2.1,0.2,10.8
1/17/2021,72028,0.4,0,10.9
1/18/2021,182454,-1.8,0.6,22.9
1/19/2021,152728,-1.7,0,22.7
1/20/2021,149985,-1.3,0.1,19.9
1/21/2021,80216,-1.4,0,10
1/22/2021,33534,1.4,3.4,9
1/23/2021,22036,1.8,7.5,13
1/24/2021,55713,1.3,2.9,9.3
1/25/2021,174202,0.2,0,9.8
1/26/2021,184256,-1.5,0,8.4
1/27/2021,172633,-1.4,0,6.6
1/28/2021,156675,0,3.5,7.8
1/29/2021,187075,1.1,0,8.8
1/30/2021,160738,0.2,0,12.6
1/31/2021,115710,-0.5,0.6,11.4
2/1/2021,146140,2.1,0,14
2/2/2021,164413,2.8,0,13
2/3/2021,197341,2.1,0.4,15.1
2/4/2021,141733,1.8,0.2,12.9
2/5/2021,161471,1.5,2,13.4
2/6/2021,76308,0,1.4,11.7
2/7/2021,62599,-1.4,0,7.2
2/8/2021,204784,0.8,5.7,15.7
2/9/2021,202335,1.7,4.1,16.3
2/10/2021,197132,0.1,3.8,12.5
2/11/2021,175500,0.7,2.2,8.9
2/12/2021,109221,1.9,0.2,9.4
2/13/2021,112406,1,0,9
2/14/2021,160053,-0.6,0.1,10.3
2/15/2021,264748,0.4,0.1,7.5
2/16/2021,264981,1.4,0.1,13.3
2/17/2021,264807,2,0.3,14.4
2/18/2021,294797,2.6,4.5,17.2
2/19/2021,250167,5,9.4,14.3
2/20/2021,171346,3.9,0.8,12.1
2/21/2021,83540,6.4,1.8,17.7
2/22/2021,141659,6.1,8.8,15.5
2/23/2021,187580,4.3,3.6,11.8
2/24/2021,168450,6,2,14.2
2/25/2021,157948,6.6,3.1,14.9
2/26/2021,223146,4.2,2.5,17.9
2/27/2021,161526,4,4.1,17.9
2/28/2021,52885,1.7,3,19.3
3/1/2021,80044,0.3,1.5,16.3
3/2/2021,109612,1.2,4.9,12.8
3/3/2021,119318,-2.8,1.9,22.1
3/4/2021,186086,1,0.8,15.5
3/5/2021,276119,1.7,2,9
3/6/2021,122643,0.9,0.7,9.3
3/7/2021,97730,-0.2,0,12
3/8/2021,288355,1.5,0,15.8
3/9/2021,308397,2.9,0.2,13.5
3/10/2021,306797,4.2,3.8,10.5
3/11/2021,200304,4.4,0.3,5.9
3/12/2021,272280,3.8,0.2,7.3
3/13/2021,238756,3.1,0,7.5
3/14/2021,233160,2.5,0.2,6.8
3/15/2021,341410,0.9,0.7,9.7
3/16/2021,299818,4.1,2.7,16.7
3/17/2021,297940,3.6,4.5,19.8
3/18/2021,287776,0.1,8.5,20.3
3/19/2021,124025,4.8,1.1,11.5
3/20/2021,89833,5.2,2,15.2
3/21/2021,73464,5.2,6,27.7
3/22/2021,230143,3.5,4,23
3/23/2021,119228,5.9,0,12.5
3/24/2021,25862,5.4,0.5,12.8
3/25/2021,109941,4.5,1.4,13.2
3/26/2021,321446,5.1,1.5,14.6
3/27/2021,255986,5.3,2.3,15
3/28/2021,231580,4.8,0.4,10.9
3/29/2021,271807,4,0.5,14.1
3/30/2021,189025,2,4.7,15.1
3/31/2021,185611,4.4,1.8,13.5
4/1/2021,132914,1.8,3.8,15.9
4/2/2021,116066,2.6,2.6,15.9
4/3/2021,68027,3.6,1.2,21.8
4/4/2021,67112,1.1,2.3,18.5
4/5/2021,135017,-0.4,0.7,12.1
4/6/2021,81579,1.3,0.4,10.2
4/7/2021,100212,2.6,0,13.7
4/8/2021,215215,2.5,4.6,16.3
4/9/2021,263157,2.1,1.9,9.8
4/10/2021,255091,2.4,0.4,8.5
4/11/2021,114914,3.5,0.5,13.4
4/12/2021,237488,6.2,2.6,14.5
4/13/2021,258322,6.3,0.1,8.8
4/14/2021,199295,6.3,0,7.9
4/15/2021,141181,6.7,0,6.9
4/16/2021,191870,7.8,0,8.1
4/17/2021,141717,7.9,0,13.1
4/18/2021,147897,2.5,0.1,15.9
4/19/2021,273023,2.3,0,9.5
4/20/2021,180102,2.1,4.2,10.2
4/21/2021,161894,2.7,0.2,12.8
4/22/2021,204775,3.3,0,12
4/23/2021,191837,3.4,0.1,9.4
4/24/2021,110287,2.8,1.1,10
4/25/2021,80711,2.8,1.1,8.6
4/26/2021,219307,2.7,0.8,11.9
4/27/2021,163788,2,0.6,13.7
4/28/2021,178764,2.2,1.3,11.2
4/29/2021,130128,2.7,2,12.2
4/30/2021,108009,3.3,0,6.9
5/1/2021,33865,4.6,0,11.4
5/2/2021,41891,6.3,0,10
5/3/2021,179883,5.2,0,5.4
5/4/2021,132889,5,0.2,6.3
5/5/2021,121778,4.2,0.3,9.5
5/6/2021,119907,5.4,0.4,7.2
5/7/2021,108221,5.9,0.4,9.8
5/8/2021,45302,6.2,0,12.4
5/9/2021,23347,7.1,0.1,12.6
5/10/2021,135407,5.5,0,17.4
5/11/2021,95372,6.3,0,15.5
5/12/2021,94758,6.8,0.6,8
5/13/2021,16833,8.3,0.4,8.2
5/14/2021,52295,8.9,0,5.6
5/15/2021,20684,7.4,10.4,12.3
5/16/2021,24311,6.7,1.2,12.3
5/17/2021,5156,7.2,0,9.1
5/18/2021,71390,7.4,0,11.2
5/19/2021,55538,6.9,0,15
5/20/2021,77838,7.3,0,13.7
5/21/2021,87741,7.6,0,7.3
5/22/2021,23569,7.1,0,14.1
5/23/2021,10536,6.9,0.1,14.1
5/24/2021,23971,6.5,0,13
5/25/2021,100135,6.6,0,8
5/26/2021,58989,7,0.2,6.2
5/27/2021,73605,7.5,0,7.1
5/28/2021,56590,8.4,0.5,6.2
5/29/2021,25033,9.9,0,7.6
5/30/2021,23878,13.7,0.2,6.3
5/31/2021,59413,13,0,7.6
6/1/2021,70190,11.9,0.1,6.5
6/2/2021,75433,9.7,0,7.3
6/3/2021,81785,11.8,0,9.3
6/4/2021,68555,10.7,4.2,5.3
6/5/2021,32803,10.4,0,5
6/6/2021,20657,12.3,0.5,7.4
6/7/2021,84642,12.8,0,9.8
6/8/2021,61151,12,2.1,10.9
6/9/2021,107432,11.1,1.8,7.2
6/10/2021,68201,8.7,3.2,11.4
6/11/2021,55484,8.5,1.6,8.6
6/12/2021,16191,8.2,7.1,12.8
6/13/2021,16851,8.2,2,12.6
6/14/2021,44139,11.1,2.1,10.3
6/15/2021,46188,10.8,0,11.2
6/16/2021,46373,9.4,0.1,11.9
6/17/2021,46378,9.8,0,9.3
6/18/2021,44752,10.5,0.2,9.6
6/19/2021,12572,10,3.4,6.7
6/20/2021,11620,11.5,4.9,8
6/21/2021,64357,10,0.9,8.2
6/22/2021,54151,9.8,0.3,7.9
6/23/2021,47316,10,0,8.4
6/24/2021,39830,10.7,2.1,11.1
6/25/2021,45583,9.6,0,10.6
6/26/2021,24621,9.3,0.5,9.2
6/27/2021,18852,10.6,0.4,7.6
6/28/2021,39427,10.9,0.2,7.7
6/29/2021,42916,10.3,0,6.8
6/30/2021,54418,10.9,0.1,8.4
7/1/2021,34408,11.5,0,8.7
7/2/2021,25958,14.4,0.1,6
7/3/2021,13853,15.3,0,5.7
7/4/2021,15643,17.4,0.1,6.8
7/5/2021,58169,12.9,3.6,9.2
7/6/2021,52252,13.2,0.1,5.4
7/7/2021,48532,12.2,0,11.4
7/8/2021,33503,13.3,0,12
7/9/2021,34307,13.8,5.9,10
7/10/2021,15642,12.2,0.8,12
7/11/2021,5568,12,0.6,5.2
7/12/2021,31130,12.4,0.3,18
7/13/2021,44533,11.3,4.7,16.7
7/14/2021,34125,11.8,3.9,11.6
7/15/2021,56457,10.6,3.1,10.6
7/16/2021,16386,9.9,0.2,12.2
7/17/2021,11504,9.3,1.8,12.7
7/18/2021,3849,10.2,0.3,15
7/19/2021,40138,10.1,4.1,11.3
7/20/2021,13994,9.9,0.1,7.6
7/21/2021,15483,11.1,7.3,9.2
7/22/2021,18011,11.1,5.1,7.9
7/23/2021,19639,11.4,0,4.1
7/24/2021,12680,12.4,0.1,8.3
7/25/2021,3851,11.3,0,8.9
7/26/2021,35449,10,0,15.3
7/27/2021,48758,10.4,0.1,15.5
7/28/2021,32448,9.6,0,14.1
7/29/2021,32640,9.8,0,7.8
7/30/2021,28039,9.6,0.8,9.2
7/31/2021,19567,11,0.3,8.7
8/1/2021,11324,11.7,0.4,9.2
8/2/2021,44044,12.4,2.4,10.5
8/3/2021,50039,13.7,3.8,6.4
8/4/2021,45281,14.8,0,6.3
8/5/2021,45547,15.2,0,11.5
8/6/2021,62428,14.8,0,8.8
8/7/2021,30607,12.6,1.1,7
8/8/2021,24727,12.2,14.4,5.1
8/9/2021,73642,12,1.6,4.2
8/10/2021,67185,12.3,0.2,4.7
8/11/2021,74164,12.1,0,8.7
8/12/2021,63199,11.2,0,11.2
8/13/2021,93350,10.9,0,10.7
8/14/2021,47295,11.4,0.1,7.1
8/15/2021,31659,11.7,0,14
8/16/2021,73301,11.8,5.6,13.8
8/17/2021,72977,10.2,0.2,14.8
8/18/2021,76090,9.2,0.3,11.5
8/19/2021,48308,9.8,0,8.1
8/20/2021,41437,10.7,0.1,4.8
8/21/2021,27740,10.5,0.6,14.3
8/22/2021,42224,11.4,17,14.7
8/23/2021,103660,11.5,0,8.8
8/24/2021,82568,11.9,0,7.4
8/25/2021,77756,11.8,0,3.3
8/26/2021,92073,11.8,0.4,5.7
8/27/2021,94680,11.4,0.4,8.7
8/28/2021,38665,10.3,0.6,12.8
8/29/2021,35778,9.1,9.3,12.8
8/30/2021,100636,9.2,8.9,14.5
8/31/2021,83052,9.3,0.9,13
9/1/2021,73544,9,0.5,7.2
9/2/2021,70012,11.3,1.8,9
9/3/2021,44974,11.6,1.2,9.6
9/4/2021,18713,11.3,6.9,9.8
9/5/2021,23159,10.4,0.7,12.9
9/6/2021,91746,9.6,0.7,8.5
9/7/2021,83079,9.9,0.9,5.5
9/8/2021,81926,10,0,7
9/9/2021,78505,9.3,0,11.2
9/10/2021,66900,7.7,4.8,16.3
9/11/2021,37221,8.4,7,9.1
9/12/2021,40978,9.2,0,5.5
9/13/2021,88454,10.3,0,5.8
9/14/2021,65981,11,0,5.7
9/15/2021,123269,10.9,0,10.6
9/16/2021,92467,11,0,8.3
9/17/2021,93867,10.3,0.1,12.1
9/18/2021,44220,9.6,7,15.6
9/19/2021,29655,10.7,15.9,21.9
9/20/2021,102075,9.1,2.4,14.9
9/21/2021,54692,8.3,2.4,6.9
9/22/2021,55568,8.8,0.4,8.9
9/23/2021,35624,10.9,2,15.1
9/24/2021,45995,12.5,1,9.5
9/25/2021,30561,11.9,0,12.4
9/26/2021,30922,11.2,0,7.5
9/27/2021,98566,11.3,0,5.9
9/28/2021,86598,11.4,0,8.7
9/29/2021,106634,11.4,1.2,8.6
9/30/2021,111866,11.8,2.4,11.3
10/1/2021,105002,12.1,8.8,13.8
10/2/2021,28983,11.1,0,13.1
10/3/2021,18722,8.5,0,13.2
10/4/2021,72217,7.1,0.2,14.6
10/5/2021,50239,8.5,0.2,10.2
10/6/2021,79935,10.5,1.7,10.2
10/7/2021,96829,9.6,28.6,11.8
10/8/2021,72534,8.1,0.2,11.4
10/9/2021,35433,6.2,2,13.3
10/10/2021,40109,5,9.8,10.2
10/11/2021,120655,6.4,0.9,11.8
10/12/2021,98285,5.3,0.4,11.9
10/13/2021,90384,4.9,2.3,12
10/14/2021,96198,5.8,0.4,12.4
10/15/2021,86410,4,0.1,13.8
10/16/2021,56135,4.2,2.7,10.3
10/17/2021,35289,3.9,9.9,18.2
10/18/2021,67175,5.1,23,13.7
10/19/2021,87458,4.7,8.8,14
10/20/2021,68108,3.9,0,8.1
10/21/2021,65544,6,2.7,11.8
10/22/2021,43581,8.8,14.4,11.6
10/23/2021,30977,8,7.2,8.5
10/24/2021,36276,9.1,8.5,14.4
10/25/2021,92923,7.9,0,11.9
10/26/2021,98208,8.7,0.3,12.5
10/27/2021,83357,9.3,1,11
10/28/2021,68778,9.3,0.3,13.6
10/29/2021,82383,10.3,0.1,9.7
10/30/2021,38484,8.4,0,8
10/31/2021,42087,6.5,0.1,5.3
11/1/2021,124756,4.8,4.1,13.3
11/2/2021,93009,5.1,14.7,17.2
11/3/2021,115156,4.8,3.2,14.6
11/4/2021,134954,4.1,4.9,9.3
11/5/2021,131663,5.7,1.1,15.8
11/6/2021,52659,6.8,9.5,16.7
11/7/2021,35570,6.3,5.1,15.6
11/8/2021,101037,4.6,6.8,12.5
11/9/2021,108870,4.4,0.6,12.6
11/10/2021,82217,5.2,0.7,11.7
11/11/2021,76784,7.9,15.1,18.6
11/12/2021,103594,8.3,6.6,13.6
11/13/2021,55546,7.2,9.6,15.8
11/14/2021,47273,4.7,3.4,15.6
11/15/2021,87709,5.3,5.9,17.8
11/16/2021,70382,4.6,2.8,15.8
11/17/2021,103143,1.6,0.7,15.9
11/18/2021,122152,2.6,2.1,9.1
11/19/2021,129023,4,3.2,13.6
11/20/2021,79440,2.1,6.2,16.3
11/21/2021,39658,0.3,0.1,14.2
11/22/2021,87182,0.2,0.6,15.2
11/23/2021,91317,-0.5,1.3,7.7
11/24/2021,86325,0.6,6.1,13.2
11/25/2021,132915,-1.1,1.8,11.4
11/26/2021,138398,-0.7,7.6,13.9
11/27/2021,86627,-0.2,1.5,13.1
11/28/2021,55334,2,0,15.8
11/29/2021,107377,-0.2,0,10.8
11/30/2021,97552,-1.1,0,9.5
12/1/2021,108769,-1.5,0,7.9
12/2/2021,77270,-3,0,7.8
12/3/2021,95450,-2.3,0,8.2
12/4/2021,79697,-1.9,2.6,7.5
12/5/2021,53783,0.6,0.8,8.2
12/6/2021,99781,3.1,0,8.7
12/7/2021,86585,3.3,0,7.6
12/8/2021,88187,3.7,0.8,8.2
12/9/2021,86501,5,0.5,12.1
12/10/2021,109239,5.7,1.3,16.8
12/11/2021,70884,5.6,14.8,21
12/12/2021,52525,5.6,2.1,17.1
12/13/2021,105373,6.3,0.8,15.3
12/14/2021,69085,5.4,0.2,17.6
12/15/2021,43463,5.4,1.8,20.7
12/16/2021,40232,3.3,1.8,14.5
12/17/2021,70736,1.8,0.1,10
12/18/2021,14811,1.7,0.1,8.5
12/19/2021,9559,-0.7,0.9,18.1
12/20/2021,29638,0.6,2.4,15.8
12/21/2021,23053,1.2,2.9,17.5
12/22/2021,20681,0.1,0.6,12.5
12/23/2021,7191,0.1,0.1,9.1
12/24/2021,75,1.8,7.4,11.3
12/25/2021,1017,1.5,0,14.2
12/26/2021,2983,2.9,4.6,12.2
12/27/2021,15945,2,9,12.8
12/28/2021,18722,0.5,0,12.3
12/29/2021,20964,2.8,0.4,18.6
12/30/2021,16555,3.6,4.9,21.3
12/31/2021,18105,1.7,1.6,13.7
1/1/2022,6089,0.3,0,17.9
1/2/2022,8286,-0.9,1.5,16.4
1/3/2022,30636,-0.2,1.1,8.5
1/4/2022,73379,-0.3,0,5
1/5/2022,88969,0.4,0,8.2
1/6/2022,100136,1.2,0,11.8
1/7/2022,155184,4.2,0.4,18.7
1/8/2022,117696,4.8,7.5,24
1/9/2022,100283,2.5,3,22.2
1/10/2022,192535,2.9,4.7,23.6
1/11/2022,79184,3.2,0.7,19
1/12/2022,36368,1.7,12.8,20.8
1/13/2022,30754,1.2,0.3,21.6
1/14/2022,27014,5.4,2.1,16.1
1/15/2022,24827,1.5,11.7,18.7
1/16/2022,30010,0.3,2,21.4
1/17/2022,45092,0.5,1.6,13.6
1/18/2022,47152,5.2,4.1,19.1
1/19/2022,59601,6.8,4,22.4
1/20/2022,43528,1.1,9.3,23
1/21/2022,70644,0.7,1.6,16.9
1/22/2022,73469,3,3.2,11.4
1/23/2022,22917,2.3,1.9,19
1/24/2022,40640,0.5,0,19
1/25/2022,48391,1.8,0.9,14.8
1/26/2022,76223,1.4,3.9,17.3
1/27/2022,180111,0.9,7.9,9.7
1/28/2022,149003,-0.6,1.1,11.7
1/29/2022,147738,-1.8,0.2,11
1/30/2022,140492,-2.3,1.1,10.3
1/31/2022,201715,-0.2,2.1,14.9
2/1/2022,220602,2.5,1,19.3
2/2/2022,262782,2,11.6,17.2
2/3/2022,239362,2.3,0.2,13.7
2/4/2022,104315,2.5,0.9,14.8
2/5/2022,73858,1.9,4.5,18.3
2/6/2022,84732,1.7,8.2,22.6
2/7/2022,214088,-0.5,4,17.4
2/8/2022,199525,-0.4,4.2,16.7
2/9/2022,128885,0.4,1.7,17.1
2/10/2022,142482,0.8,1.9,15.5
2/11/2022,107325,0.6,1.4,13.5
2/12/2022,185525,-0.2,0,15.5
2/13/2022,201599,1.2,0,14.2
2/14/2022,205452,1.2,0,7.9
2/15/2022,231850,-0.2,0,7.7
2/16/2022,243940,-0.6,1.5,8.9
2/17/2022,252665,-0.4,0.3,9
2/18/2022,263491,-1.2,0,10.3
2/19/2022,223768,0.6,0,15.4
2/20/2022,209902,2.7,5.5,19.8
2/21/2022,280506,0.5,1.3,16.9
2/22/2022,318123,2.3,0.5,21.3
2/23/2022,250591,5.9,13.8,23.9
2/24/2022,113800,4.9,2.6,17.4
2/25/2022,98709,4.9,5.5,17.9
2/26/2022,109602,4.2,2.9,18.4
2/27/2022,30584,2.3,0.9,10.5
2/28/2022,82556,2.9,0,13.4
3/1/2022,83818,3.6,4.7,13.3
3/2/2022,102261,3.7,3.5,16.8
3/3/2022,162518,4.3,7.7,10.3
3/4/2022,285653,4.3,0,7.2
3/5/2022,238960,5.4,0,10
3/6/2022,235789,6,0,17.6
3/7/2022,253970,6.4,4,11.6
3/8/2022,309579,5.2,0,8.8
3/9/2022,326219,5.4,0,6.8
3/10/2022,159766,5.4,0,7.3
3/11/2022,186591,5.9,0.1,7.3
3/12/2022,284069,5.8,0,15.1
3/13/2022,301214,5.5,5.7,11.8
3/14/2022,369552,5.1,10.9,20.4
3/15/2022,372234,7.2,7.3,21.9
3/16/2022,313346,7.1,1.3,14.5
3/17/2022,247586,5.7,0,14.3
3/18/2022,95595,6.2,2,9.6
3/19/2022,11000,6.2,2.3,14.2
3/20/2022,8541,2.3,7.8,11.2
3/21/2022,111068,2.5,0,20.2
3/22/2022,174006,1,2.8,19.4
3/23/2022,108520,1.8,1,15
3/24/2022,252231,0.4,2.8,21.1
3/25/2022,250078,0.8,3.9,16.2
3/26/2022,166050,0.6,1.3,12.4
3/27/2022,212079,0.5,0,10
3/28/2022,149455,0.9,1.6,15.1
3/29/2022,200238,1.3,0.7,16.9
3/30/2022,181937,0.1,1.5,16.7
3/31/2022,257067,-0.1,0,15.9
4/1/2022,253925,2.3,0,13.3
4/2/2022,106707,3,0,9.7
4/3/2022,103203,2.2,0,13.8
4/4/2022,255070,3.9,0,13.1
4/5/2022,264186,3.9,0.3,11.8
4/6/2022,180909,4.7,1.8,7.9
4/7/2022,247431,4.7,0.2,5.5
4/8/2022,256294,3.5,0,9
4/9/2022,186796,4.6,0.9,4.7
4/10/2022,130731,4.5,0,4.7
4/11/2022,233676,6.4,0.2,9.3
4/12/2022,175618,6.3,1,9
4/13/2022,150463,6.7,0.1,9.3
4/14/2022,123131,6.6,0.1,9.9
4/15/2022,130270,7.7,0,7.1
4/16/2022,105820,6.6,0,6.1
4/17/2022,72074,5.8,0.2,7.7
4/18/2022,138703,5.2,0,7.9
4/19/2022,254779,5.3,0,6.6
4/20/2022,228521,3.4,0.9,13.5
4/21/2022,228058,-0.1,1.1,15
4/22/2022,225477,0.5,1.4,15.1
4/23/2022,158825,0.9,3.9,12.7
4/24/2022,119257,3,1.2,13
4/25/2022,197193,3.2,2.9,12.3
4/26/2022,85945,4.9,2.4,12.2
4/27/2022,98860,1.9,5.7,19.9
4/28/2022,57773,2,4.3,15.2
4/29/2022,90892,2.3,1,9.6
4/30/2022,66244,5.1,5.9,16.1
5/1/2022,41992,6.5,5.6,14.7
5/2/2022,98664,3.4,6.6,21.3
5/3/2022,67987,3.9,1.8,13.8
5/4/2022,99281,6.7,12.8,14.4
5/5/2022,88849,7.4,5.1,6.6
5/6/2022,59558,6.9,0.2,6.1
5/7/2022,42569,6.5,1.9,10.8
5/8/2022,20701,6.8,4.7,11.3
5/9/2022,72976,6,1.3,12.2
5/10/2022,97526,3.7,1.5,12.5
5/11/2022,89631,5.2,0,12.2
5/12/2022,71449,6.6,0.1,8.9
5/13/2022,70388,7.1,0,6.4
5/14/2022,42366,7.9,0,7.9
5/15/2022,27976,7.4,3.3,6.6
5/16/2022,77231,8.3,0,6.4
5/17/2022,6250,9.4,0,9.8
5/18/2022,51613,11.4,0.8,7.5
5/19/2022,57317,11.2,0,10.2
5/20/2022,82773,8.9,0,10.1
5/21/2022,38564,8.2,0,10.5
5/22/2022,28604,7.5,0.4,13.4
5/23/2022,92215,9.7,0,9.3
5/24/2022,62517,10.7,0,9.2
5/25/2022,71940,11.1,0,7.9
5/26/2022,26837,11.2,0,11
5/27/2022,72846,11.3,0,8.8
5/28/2022,24358,10.2,0,8.7
5/29/2022,14789,8.1,0,14.2
5/30/2022,63201,6.7,6.1,14.9
5/31/2022,58163,7.6,0.7,15.8
6/1/2022,67850,7.2,0.6,13.8
6/2/2022,72802,7.6,0.1,9.2
6/3/2022,77755,7.7,0,9.8
6/4/2022,27663,8,0,7.4
6/5/2022,15341,9.5,1.1,8.4
6/6/2022,26110,10.4,1.4,8.4
6/7/2022,48121,9.6,0.4,8
6/8/2022,45945,9.5,3.3,5.9
6/9/2022,50136,8.8,0,4
6/10/2022,52096,8.4,0,3.9
6/11/2022,34868,9.5,0,7.8
6/12/2022,12823,10.9,0.5,10.5
6/13/2022,69969,10.5,0.7,4.2
6/14/2022,55002,9.8,0.6,10.4
6/15/2022,59507,8.4,6.8,13.7
6/16/2022,55800,8.7,1,13.3
6/17/2022,66169,10.2,6.2,15
6/18/2022,27569,10.3,0.6,11.9
6/19/2022,10779,11.9,0.1,9
6/20/2022,79462,13.3,0,8.6
6/21/2022,28835,14.5,0,10.3
6/22/2022,54729,15.6,0,10
6/23/2022,45300,11.5,1.6,9.6
6/24/2022,36460,11.6,0.6,8.8
6/25/2022,16091,15.4,0,7.1
6/26/2022,13745,15.1,0,10.9
6/27/2022,51790,13.6,6.9,8.7
6/28/2022,49781,13.7,0,7.9
6/29/2022,39021,12.4,1.8,9.4
6/30/2022,35323,11.1,4,8.4
7/1/2022,35582,10.4,3.5,9.7
7/2/2022,17480,11.2,3,10.4
7/3/2022,14416,12.4,1.6,8.3
7/4/2022,39183,13.1,0.1,4.8
7/5/2022,37424,12.5,0,10.1
7/6/2022,26458,13.6,0.1,9.6
7/7/2022,29312,12.9,0,9.8
7/8/2022,35675,12.1,0,8.3
7/9/2022,23750,9.9,4.5,10.4
7/10/2022,13745,10.7,2.8,7
7/11/2022,52613,10.9,0.7,6.9
7/12/2022,34703,11.8,0.6,9.5
7/13/2022,30842,12.5,0.5,5.1
7/14/2022,33438,12.4,0,10.4
7/15/2022,38010,11.8,1.5,9.7
7/16/2022,8463,11,1.6,10.3
7/17/2022,9812,11.6,0.7,10.3
7/18/2022,23968,11.9,0,8.9
7/19/2022,21121,12.5,0.6,9.9
7/20/2022,42056,11.9,1.7,13.2
7/21/2022,35269,10.8,0,14
7/22/2022,22113,11.3,0.9,8.7
7/23/2022,12102,12.6,0.4,7.3
7/24/2022,13066,14.6,0,6.6
7/25/2022,37039,14.5,0,7.2
7/26/2022,25741,11,0.1,12
7/27/2022,27403,11.8,11.7,8
7/28/2022,30412,13.3,0,9.5
7/29/2022,29045,13.1,9.8,9.6
7/30/2022,8957,11.9,8.8,13.5
7/31/2022,16136,11.9,4.1,13.2
8/1/2022,45365,11.2,0.9,12.2
8/2/2022,45141,12.3,0.1,9.8
8/3/2022,49658,12.7,4.8,11.6
8/4/2022,54561,12.7,6.5,15.1
8/5/2022,49423,11.2,23.1,15.7
8/6/2022,20100,11.2,1.4,12
8/7/2022,14321,11.4,1.2,11.9
8/8/2022,51851,11.7,0.7,9.9
8/9/2022,58479,14.1,0,7.8
8/10/2022,42047,13.7,0.3,6.5
8/11/2022,36387,10.2,25,13.5
8/12/2022,21386,11.9,0.6,10.6
8/13/2022,16236,15,0,9.7
8/14/2022,23922,12.2,0.2,10.1
8/15/2022,76557,12.7,1.1,8.4
8/16/2022,72683,12.3,7.1,13.7
8/17/2022,80458,11.1,1.4,14.1
8/18/2022,80169,12.7,0.1,9.1
8/19/2022,81065,14.1,0,6.4
8/20/2022,57190,14.1,0,9.8
8/21/2022,37561,12.1,0.5,13.2
8/22/2022,76885,11.1,4.3,14.3
8/23/2022,55168,10.6,1.9,10.5
8/24/2022,53557,10.4,1.1,8.8
8/25/2022,62671,10.1,0.3,10.3
8/26/2022,101433,11.1,0,6.8
8/27/2022,41730,11.5,0,7.1
8/28/2022,33180,11,0,5.5
8/29/2022,67255,11.6,0,6
8/30/2022,87306,11.1,0,5.9
8/31/2022,78882,9.8,0,7.4
9/1/2022,82424,10,1,6.2
9/2/2022,78437,10.6,0,5.9
9/3/2022,35632,9.9,0,6
9/4/2022,22327,10.3,0,5
9/5/2022,92087,10,0.7,8
9/6/2022,65337,10.8,1.1,7.3
9/7/2022,97262,11.5,0,12.6
9/8/2022,75527,11,7.2,12.7
9/9/2022,102434,11.8,4.8,10
9/10/2022,54361,12.1,0,8.6
9/11/2022,38423,11.7,0,13.1
9/12/2022,101547,10,0.6,15.2
9/13/2022,98564,9.3,2,15.3
9/14/2022,55811,9,0.4,11.8
9/15/2022,66254,10.9,1.2,14.1
9/16/2022,83861,12.2,4,11.4
9/17/2022,17956,11.6,2.6,9.3
9/18/2022,12158,10.3,0.5,7.4
9/19/2022,40016,11.1,0.1,14.9
9/20/2022,65808,12.4,0,13.6
9/21/2022,66919,11.4,0,12.4
9/22/2022,84247,10.9,0,6.9
9/23/2022,86090,10.4,0,4.3
9/24/2022,46186,10.2,0,6.7
9/25/2022,34138,9.9,0.1,9
9/26/2022,84847,10.8,0,6.2
9/27/2022,78513,10.1,2.1,9
9/28/2022,91062,10,3.5,9.5
9/29/2022,109215,10.4,7.2,11.8
9/30/2022,102498,9.1,4.1,17.5
10/1/2022,52294,9.1,3.4,15.9
10/2/2022,29514,7.9,5.3,11.4
10/3/2022,95681,8.6,1.2,14.8
10/4/2022,93223,10.5,5.6,13.7
10/5/2022,77492,7.8,3.2,18.6
10/6/2022,48937,7.3,1.6,15.3
10/7/2022,25768,8.6,13.7,14.6
10/8/2022,13897,8.2,0.3,11
10/9/2022,25684,8.6,0.9,10.6
10/10/2022,46449,7.8,4.5,12
10/11/2022,60558,7.1,0.8,12.1
10/12/2022,45616,6.6,1.5,11.4
10/13/2022,63472,6.9,2.2,13.2
10/14/2022,84566,6.4,0.9,7.9
10/15/2022,54971,6.1,1.7,8.5
10/16/2022,31414,5.4,1.7,14.8
10/17/2022,88461,4.5,2.7,14.3
10/18/2022,96234,4.7,0.1,9
10/19/2022,74188,6.3,0.1,9
10/20/2022,78752,6.2,0,4.7
10/21/2022,100428,7.3,0.8,5
10/22/2022,51709,8.1,4,8.4
10/23/2022,31542,5.8,2.5,16.6
10/24/2022,61631,7.3,0.5,15.2
10/25/2022,107415,8.5,0,8.8
10/26/2022,127121,9.5,2.2,9.5
10/27/2022,115601,9.9,0.7,12.1
10/28/2022,117734,9.5,1.4,7.3
10/29/2022,35651,9,2.7,8.5
10/30/2022,41021,8.8,2.1,7.9
10/31/2022,68078,7.8,4.2,7.3
11/1/2022,115290,6.2,0.9,9.4
11/2/2022,82004,5.9,0,10.2
11/3/2022,116413,4.7,0.1,12.4
11/4/2022,110200,5.2,0.3,11.1
11/5/2022,63314,8.4,19.5,16.7
11/6/2022,53846,7.4,6.7,18.5
11/7/2022,87012,7.9,0.6,10
11/8/2022,102557,6.6,0,8.5
11/9/2022,90737,6.1,0.2,10.1
11/10/2022,106187,7,0,8.9
11/11/2022,78882,7.3,0,7.5
11/12/2022,63082,7,0.1,7.3
11/13/2022,39636,5.9,0,6.6
11/14/2022,129512,6.2,0,5.7
11/15/2022,115834,5.5,0.1,7.3
11/16/2022,133878,3,0,8.3
11/17/2022,146935,4.1,0,10.4
11/18/2022,140198,3,0,10.3
11/19/2022,78612,4.6,0,8.1
11/20/2022,79245,5.6,0,11.1
11/21/2022,140381,7,2.7,12.5
11/22/2022,113875,7.3,0.2,12.5
11/23/2022,109329,6.7,0,10.6
11/24/2022,80382,5.1,3.7,10.8
11/25/2022,86026,4.7,0.5,5.1
11/26/2022,80641,4,0,7.9
11/27/2022,49951,4.2,0,8.4
11/28/2022,88072,4.6,0,13
11/29/2022,104592,4.8,4.4,18.6
11/30/2022,92046,0.9,6.3,22
12/1/2022,138227,3.2,9.6,18.7
12/2/2022,131884,1.5,0,11.6
12/3/2022,52654,2.5,0,11.3
12/4/2022,31657,-0.1,0,10.6
12/5/2022,76862,-0.2,2.2,9.4
12/6/2022,44565,-1,0,6.7
12/7/2022,54388,-1,0.5,6.8
12/8/2022,77906,1.2,1.1,11.7
12/9/2022,65100,0.4,4.2,15.9
12/10/2022,28855,-1.4,3.1,18.4
12/11/2022,32947,0.3,3.6,16
12/12/2022,89505,2.4,0.6,14.5
12/13/2022,69727,2,5.5,21.9
12/14/2022,64676,1.3,0.4,13.6
12/15/2022,30691,1.6,0.3,9.1
12/16/2022,27022,2,1.2,16.4
12/17/2022,27147,2,3.2,18.7
12/18/2022,16633,0.7,1.8,14.9
12/19/2022,39670,1.6,0,13.6
12/20/2022,26134,3.4,1.7,13.2
12/21/2022,27354,4.1,1.1,16
12/22/2022,4938,1.5,2.5,24.2
12/23/2022,3218,3,0,15.5
12/24/2022,20,4.8,0.5,18.5
12/25/2022,15,3.9,3,15.5
12/26/2022,5162,3.2,4.6,16.7
12/27/2022,14411,3.2,3.1,17.6
12/28/2022,16323,3.5,11.3,14.7
12/29/2022,10990,1.1,0,12.4
12/30/2022,7868,-1.5,0,11.9
12/31/2022,4989,-1.7,0,11.4
1/1/2023,4017,0.4,0,8.9
1/2/2023,29319,3.1,0.2,12.4
1/3/2023,73112,4.7,2.3,14.5
1/4/2023,136240,5,0.1,11.1
1/5/2023,122429,3.7,0.2,11.7
1/6/2023,141699,4.7,8.6,10
1/7/2023,83663,3.3,2.9,9.2
1/8/2023,41631,0.3,2,13.6
1/9/2023,86733,1.1,0.2,10.3
1/10/2023,137573,1.8,0,10.7
1/11/2023,168784,2.9,0.2,8.5
1/12/2023,163414,2.6,0,12.3
1/13/2023,185810,2.7,1.6,10.7
1/14/2023,92491,3,4.4,13.4
1/15/2023,83955,4.2,1.3,19.5
1/16/2023,197755,6,14.4,19.9
1/17/2023,212914,4.5,7,20.5
1/18/2023,198102,3.7,2.5,16.1
1/19/2023,172837,4.3,8.5,15.6
1/20/2023,129684,1.9,1.9,15.7
1/21/2023,93355,5.1,3,18.2
1/22/2023,45338,2.6,9,19.3
1/23/2023,34420,2.4,5.8,14
1/24/2023,52069,3,3.2,14.8
1/25/2023,47846,2.6,0.9,11.1
1/26/2023,111210,1.7,0.7,10.1
1/27/2023,62735,1,0.5,10.1
1/28/2023,34642,1.7,3.6,8.4
1/29/2023,39912,2.9,3.2,16.4
1/30/2023,128093,4.3,2.3,17.5
1/31/2023,188697,7.3,2.1,18.7
2/1/2023,204007,6.1,8.9,19.5
2/2/2023,248926,6.5,2.7,23.2
2/3/2023,262855,2.2,17.9,22.2
2/4/2023,156916,0,3.1,19.8
2/5/2023,68771,1.3,2.4,15.9
2/6/2023,68415,5.9,5.3,21.5
2/7/2023,40285,5,0.2,21.4
2/8/2023,20009,6.8,3,12.1
2/9/2023,23225,6.2,0.6,13.3
2/10/2023,33839,5,6,17.7
2/11/2023,56175,3,3.3,11.1
2/12/2023,23918,2.9,7.8,8.4
2/13/2023,49262,2.7,0.6,7.8
2/14/2023,106377,1.7,2,11.9
2/15/2023,144518,1.2,0,10.6
2/16/2023,160695,2,0.6,19
2/17/2023,248441,1.5,1.9,19.3
2/18/2023,213907,0.3,2.5,16
2/19/2023,174405,2.1,0.5,15.3
2/20/2023,197597,5.2,1.4,10.6
2/21/2023,321761,4.8,1.3,14.4
2/22/2023,302371,4,0,14.4
2/23/2023,93111,5.1,0,17.9
2/24/2023,147303,2.9,0.5,19.8
2/25/2023,126875,-0.4,5.3,19.2
2/26/2023,139749,1.4,2.5,24.8
2/27/2023,166858,-0.8,1.9,22.4
2/28/2023,170061,-3.1,0.5,16.5
3/1/2023,175073,-3.5,2.1,9.8
3/2/2023,121813,-4.3,1.6,11
3/3/2023,134043,-0.8,1,13.4
3/4/2023,82288,-2.4,1.3,13.4
3/5/2023,165272,-1.2,0.8,10.9
3/6/2023,227982,-0.5,0.1,12.1
3/7/2023,331468,-0.5,1.2,10.6
3/8/2023,369531,-0.6,0,10.6
3/9/2023,293998,0.3,0,14.4
3/10/2023,309558,0,0.6,15.6
3/11/2023,193382,0.1,0,17.6
3/12/2023,201911,0.8,0.1,17.5
3/13/2023,276713,1.1,0,12.3
3/14/2023,316133,0.9,0.3,16.1
3/15/2023,274864,0,3.1,19
3/16/2023,306496,-1.2,6.3,12
3/17/2023,284297,-1.3,0,15.3
3/18/2023,237722,-0.5,0.3,14
3/19/2023,253131,-1.3,0,14.8
3/20/2023,353619,-0.2,0,10
3/21/2023,209398,-0.3,0.3,6.1
3/22/2023,282329,-0.6,0,5.7
3/23/2023,306295,-1.1,0,5.1
3/24/2023,346338,1.2,0.2,13.8
3/25/2023,237432,2.2,0.5,15.6
3/26/2023,251835,2.1,0.4,13.4
3/27/2023,347404,1.8,0,6.8
3/28/2023,327966,4.1,0.4,15.2
3/29/2023,357734,4.7,1.8,7.3
3/30/2023,221284,5.7,0,7.5
3/31/2023,113453,6.1,0,9.5
4/1/2023,108508,5,0,12.4
4/2/2023,202577,4.6,5.6,13.2
4/3/2023,182862,4.3,0.5,6.2
4/4/2023,180393,5.4,0,8.1
4/5/2023,185285,6.5,0,11.4
4/6/2023,119210,6.6,0,10.1
4/7/2023,126118,7.1,0,9.7
4/8/2023,110849,6.2,0,11.6
4/9/2023,125068,6.3,0,7.3
4/10/2023,198895,6,1.3,9.1
4/11/2023,266416,7,0.7,6.7
4/12/2023,257687,7.2,0,7.3
4/13/2023,240115,7,3,9.7
4/14/2023,249335,6.2,0.6,9.6
4/15/2023,205293,5.6,0,9.7
4/16/2023,146931,1.5,2.7,16.2
4/17/2023,242140,0.5,1.6,9.8
4/18/2023,208156,2.2,0.3,6.4
4/19/2023,166095,3.3,0,10
4/20/2023,160100,3.4,0,10.1
4/21/2023,164346,3.9,1,5.9
4/22/2023,38181,4.6,0,7.1
4/23/2023,47417,4.8,0,7.5
4/24/2023,150740,4.6,0,11.4
4/25/2023,175847,4.4,8.2,12.5
4/26/2023,131794,2.7,1.7,16
4/27/2023,143201,2,0.7,12
4/28/2023,131607,3.2,0.8,9.7
4/29/2023,80322,4.1,0.1,6.4
4/30/2023,40848,5.4,0.4,4.4
5/1/2023,49076,6.5,0,11
5/2/2023,93981,8.1,1.5,8.5
5/3/2023,56711,7.5,0.5,7
5/4/2023,93144,8.6,3.5,7.7
5/5/2023,73834,7.4,0.4,7.3
5/6/2023,42810,7.5,2.7,8.7
5/7/2023,35007,7.3,0.8,11
5/8/2023,76819,8.2,4.1,8.8
5/9/2023,97788,8.6,0.1,8.1
5/10/2023,77230,7.9,0,8.9
5/11/2023,83577,6.2,0.5,14.8
5/12/2023,65431,6.6,0.3,11.1
5/13/2023,24594,8.5,2.6,12.2
5/14/2023,15961,8.1,0.1,13.8
5/15/2023,69212,8.5,13.4,13.4
5/16/2023,63770,8.4,4.4,6.1
5/17/2023,5439,8.4,0,7.3
5/18/2023,21307,7.7,4.3,17.2
5/19/2023,34431,4.8,5.2,18.1
5/20/2023,20158,4.7,4.1,16.3
5/21/2023,19954,6.2,0.2,13.4
5/22/2023,47361,6.9,14.2,13.2
5/23/2023,67162,6.3,2.6,14.5
5/24/2023,37686,7,2.1,13.5
5/25/2023,31161,4.7,2.5,15.7
5/26/2023,21961,5.4,1.9,15.9
5/27/2023,14268,6.6,0.6,10.7
5/28/2023,5749,6.7,4.5,11.2
5/29/2023,17433,6.9,0.8,12.9
5/30/2023,41157,6.2,1.7,13.4
5/31/2023,42693,5.7,0.3,7
6/1/2023,31908,6.9,6.7,10.3
6/2/2023,45240,7.2,2.2,10.2
6/3/2023,22994,7.4,0.7,6.4
6/4/2023,40762,9.2,0.1,5.8
6/5/2023,51919,10,0,14.7
6/6/2023,47197,9.1,2.6,9.3
6/7/2023,50482,7.9,0,10.4
6/8/2023,62607,7.7,0.1,5.9
6/9/2023,50727,8,0,7.6
6/10/2023,37791,8.1,0,11.4
6/11/2023,32713,8.3,0.1,11.9
6/12/2023,44541,13.1,0,5.3
6/13/2023,37627,10.9,0.2,5.7
6/14/2023,30731,13.8,0,7.3
6/15/2023,41642,12.3,0.8,6
6/16/2023,52430,13.1,0,11.5
6/17/2023,28621,10.9,0.9,10.5
6/18/2023,18768,9.8,0.7,8.7
6/19/2023,60436,10.6,0.1,8.2
6/20/2023,49578,12.1,0,8.8
6/21/2023,60478,14.3,0,9.3
6/22/2023,49916,11.5,0,7.1
6/23/2023,59549,10.6,0.1,7.7
6/24/2023,22715,13.5,0.6,10.6
6/25/2023,17993,11.7,0,7.4
6/26/2023,72075,11.4,0,13
6/27/2023,65798,11.6,0.1,13.2
6/28/2023,66921,12,0.1,7.6
6/29/2023,63188,11.2,0,8.4
6/30/2023,51409,11.3,0,8.5
7/1/2023,23766,10.5,0,7.8
7/2/2023,10032,9.9,0.3,5.3
7/3/2023,22217,10.2,0,4.1
7/4/2023,47668,11.8,0.2,6.4
7/5/2023,38516,13.5,0.5,5.8
7/6/2023,41044,16.9,0,8.4
7/7/2023,42256,16.2,0.2,6.9
7/8/2023,30687,15.1,0.1,8.7
7/9/2023,19299,13,2.4,11.6
7/10/2023,59960,13.5,0,11.3
7/11/2023,41999,13.5,9.4,10.5
7/12/2023,41345,13.3,1.2,11.3
7/13/2023,43146,13.6,0,6.4
7/14/2023,50095,12.2,0.1,9.1
7/15/2023,18253,12,0,9.9
7/16/2023,16578,12.5,0,8.4
7/17/2023,58620,12.9,0.3,3.3
7/18/2023,28646,13,0,3.9
7/19/2023,44817,12.8,0.7,8.9
7/20/2023,31971,11.7,0.1,9.7
7/21/2023,43240,11.7,0,7.5
7/22/2023,17360,12.4,0,7
7/23/2023,10945,12.3,0,12.1
7/24/2023,49101,12.1,0.1,12.7
7/25/2023,41187,14.5,0.1,8.8
7/26/2023,45084,15.5,0,8.8
7/27/2023,46815,15.2,3.2,6.5
7/28/2023,40021,15,8.5,12.6
7/29/2023,17171,12.9,1,11.1
7/30/2023,10378,12,0.4,9
7/31/2023,55098,12.8,0,6.5
8/1/2023,57182,12.1,0,11.3
8/2/2023,58278,16.7,1.6,14.8
8/3/2023,50096,17.5,0,13.9
8/4/2023,66294,15.3,0,7
8/5/2023,27816,15.5,0,6.1
8/6/2023,18261,15.4,0.1,5
8/7/2023,64754,14.8,0,7
8/8/2023,50938,14.6,0.3,5.1
8/9/2023,41419,14.4,6,5.9
8/10/2023,56755,12.9,0.4,12.3
8/11/2023,61414,11.9,0,11.9
8/12/2023,30019,12.5,0.2,7.7
8/13/2023,28455,12.7,0,8.8
8/14/2023,81042,14.4,0,9
8/15/2023,61944,14,8.1,6.1
8/16/2023,62672,13.5,0.1,5.2
8/17/2023,53515,13.6,0,5.7
8/18/2023,51998,12.9,0,6.8
8/19/2023,25986,13.3,0.1,7.4
8/20/2023,22885,14.4,0,7.1
8/21/2023,71212,14.8,0,7.3
8/22/2023,66297,15.2,0.1,5.1
8/23/2023,73961,14.3,0,8.6
8/24/2023,71561,13.6,11.6,8.3
8/25/2023,83898,14,4.8,6.6
8/26/2023,44544,12.7,0.1,7.2
8/27/2023,29791,12.7,0.3,5
8/28/2023,98305,12.5,0,14.5
8/29/2023,86864,11.6,4.2,15.4
8/30/2023,71053,10.8,9.2,14.8
8/31/2023,86315,11.4,3.4,15.1
9/1/2023,90389,12.4,0.4,9
9/2/2023,44458,13.5,6.8,13.5
9/3/2023,32446,13.8,1.3,12.1
9/4/2023,68908,12.2,9.5,13.8
9/5/2023,37858,10.7,2,9.7
9/6/2023,44131,10.5,9,10.6
9/7/2023,69173,8.5,0.2,9.9
9/8/2023,86344,8.7,1.8,9.1
9/9/2023,40398,10.2,0.2,8.5
9/10/2023,38276,10.3,8.1,10.8
9/11/2023,73744,9.4,0.5,10.7
9/12/2023,82676,10.6,0,8.5
9/13/2023,98131,10.1,0,19.2
9/14/2023,85817,8.6,0.1,19.5
9/15/2023,115520,9,0,14.1
9/16/2023,57001,10.7,3.2,7.5
9/17/2023,37247,8.9,0.8,6.6
9/18/2023,106936,9.5,0,7.4
9/19/2023,68034,10.9,2.1,9.8
9/20/2023,28135,12.5,9.8,17
9/21/2023,65552,12,0.4,13.2
9/22/2023,74365,10.9,0.1,11.5
9/23/2023,38404,11.7,9.6,11.3
9/24/2023,36854,10,1.9,11.5
9/25/2023,90825,8.1,1.2,11.4
9/26/2023,66934,8,0.4,8.1
9/27/2023,40766,9.1,6.9,6.5
9/28/2023,81055,6.2,5.9,16.3
9/29/2023,87694,5,1.5,15.7
9/30/2023,48530,5,1.5,13
10/1/2023,37217,5.2,2.7,16.3
10/2/2023,81974,5.2,4,13.3
10/3/2023,97238,5.6,1.1,8.6
10/4/2023,62567,6.7,7.6,12.7
10/5/2023,55067,8.2,19.4,13.7
10/6/2023,76869,6.9,13.2,12.1
10/7/2023,27736,6.7,0,11.6
10/8/2023,23404,7.4,0.1,14.9
10/9/2023,92349,6.4,0.3,17.5
10/10/2023,103820,6.8,1.5,16.1
10/11/2023,52816,6.5,0,9
10/12/2023,68327,6.1,0,11.5
10/13/2023,74678,4.7,0,6.2
10/14/2023,38214,3.7,0,5.1
10/15/2023,25747,6.2,0,8.1
10/16/2023,41315,6.5,0,8.9
10/17/2023,82686,6.6,0,6.5
10/18/2023,107316,6.4,0.1,10.9
10/19/2023,119273,6.2,2.9,6.9
10/20/2023,108207,6.4,5.6,7.3
10/21/2023,44484,6.4,3,5.4
10/22/2023,32110,4.2,2.6,9.6
10/23/2023,107042,3.7,4.6,10.1
10/24/2023,106782,3.6,0.8,9.5
10/25/2023,126986,4.6,0.5,8.8
10/26/2023,129423,4.2,0.3,8.2
10/27/2023,147119,3.8,0,10.5
10/28/2023,78754,4.3,0,15.8
10/29/2023,68417,4.2,0,20.9
10/30/2023,132111,5.3,0,18.6
10/31/2023,115856,5.4,2.8,4.7
11/1/2023,103919,6.7,3.6,4.4
11/2/2023,115611,5.3,0,7.6
11/3/2023,113322,5.3,0,5.5
11/4/2023,53466,4.6,0.3,11.2
11/5/2023,40674,4.2,0,10.7
11/6/2023,101899,3.2,0,5.7
11/7/2023,121718,3.4,0,8.4
11/8/2023,119961,3.1,0,7.8
11/9/2023,118911,3.2,0,9.3
11/10/2023,107258,2.2,0.2,6.6
11/11/2023,71122,3,2.6,9.8
11/12/2023,80038,2.9,0.8,12.7
11/13/2023,133775,2.3,3,10.6
11/14/2023,141474,2.2,1.3,10.9
11/15/2023,134576,1.2,1.6,14.7
11/16/2023,133320,3.5,3.4,23.7
11/17/2023,99078,2.1,16.3,13.8
11/18/2023,69252,3.3,2.2,16
11/19/2023,67842,2.8,0.8,8.5
11/20/2023,138974,3.9,0.2,8.9
11/21/2023,143133,1.9,0.1,7.5
11/22/2023,43952,1.1,0,13.1
11/23/2023,59470,2.1,0,13.7
11/24/2023,98355,1,0,8
11/25/2023,74683,1.7,1.3,8.4
11/26/2023,76422,1,0,5.8
11/27/2023,129974,1.6,0.2,7.2
11/28/2023,145015,1,0,8.8
11/29/2023,106790,0.8,3.8,9.9
11/30/2023,117890,1.3,0.4,12.1
12/1/2023,120650,1.2,12.3,13
12/2/2023,102074,1.1,1.5,16.5
12/3/2023,56426,1.9,0,15.1
12/4/2023,149942,1.8,0.1,11.1
12/5/2023,114793,2,0,9.2
12/6/2023,85006,1,1.1,10.7
12/7/2023,61889,0.9,0.1,12.5
12/8/2023,43777,1.9,0.2,11.9
12/9/2023,36155,2.9,0.3,15.1
12/10/2023,19699,4.6,5.3,21
12/11/2023,92499,4.7,9.4,24.7
12/12/2023,121117,4.6,6.9,17.5
12/13/2023,82476,3.5,8.2,21.4
12/14/2023,99456,0.4,5.5,14.6
12/15/2023,39143,0.3,2.7,10.3
12/16/2023,15478,0.9,1.2,7.8
12/17/2023,8001,0.8,0,8.8
12/18/2023,19438,0.3,0,6.7
12/19/2023,27027,0.9,0.4,6.5
12/20/2023,35792,1.4,0,18.5
12/21/2023,15363,1.9,5,19.5
12/22/2023,13480,1.3,1.7,12.9
12/23/2023,167,0.8,2.5,9.7
12/24/2023,998,0.2,0.1,7.3
12/25/2023,31,-1.4,0,9.2
12/26/2023,1108,-1,0,11.7
12/27/2023,24266,-2.4,0,7.7
12/28/2023,6530,-3.3,0,6.6
12/29/2023,17499,-2.7,0.1,11.5
12/30/2023,11441,1.5,1.1,13.6
12/31/2023,5256,1,0,10.3
1/1/2024,3137,3.7,0.6,13.1
1/2/2024,60029,4.8,1,11.7
1/3/2024,89557,6,3.5,13.2
1/4/2024,114336,4.2,1.2,16
1/5/2024,120751,3.1,1,16.2
1/6/2024,115976,2.9,6.5,16.2
1/7/2024,74849,2.3,6.5,14.4
1/8/2024,133817,-1,0.2,18.3
1/9/2024,106116,-2.2,0.3,9.6
1/10/2024,90912,-4.1,1.5,12.1
1/11/2024,123190,-6.2,0,12.1
1/12/2024,150936,-3.1,0.2,15.5
1/13/2024,114593,-2.3,0,9
1/14/2024,86808,-1,1,12.2
1/15/2024,138880,2,0.8,14.5
1/16/2024,167374,2.7,3.5,15.5
1/17/2024,145239,2.8,3.1,12.8
1/18/2024,134191,2.4,0.5,12.1
1/19/2024,191222,2.6,0,9.7
1/20/2024,85106,3,0.1,14.1
1/21/2024,67239,4.7,5.1,21.6
1/22/2024,100821,5.6,13.9,21.4
1/23/2024,107362,5.2,17.1,30.4
1/24/2024,146702,6.2,3.5,22.8
1/25/2024,214051,4,11.6,21.9
1/26/2024,176174,1,25.1,32.6
1/27/2024,42132,2.6,2.9,17.3
1/28/2024,29929,1.8,7,23.7
1/29/2024,23948,1.6,5.3,16.1
1/30/2024,49833,-0.3,0.6,13.2
1/31/2024,38164,-0.8,0.4,7.8
2/1/2024,22229,0.1,4.7,12.4
2/2/2024,21020,0.1,1.4,17.3
2/3/2024,61169,0.9,5,20
2/4/2024,64197,-0.1,2.6,8.8
2/5/2024,150535,-0.1,8.6,10.3
2/6/2024,229580,-0.1,0.4,13.8
2/7/2024,230943,1.7,0,14.7
2/8/2024,188527,0.1,0.3,13.9
2/9/2024,140297,1.4,0,8.1
2/10/2024,119094,1.8,5.2,13.3
2/11/2024,119118,-0.1,1.1,14.9
2/12/2024,238284,0.6,0,8.8
2/13/2024,165848,0.6,0,5.6
2/14/2024,167561,3.5,6.7,10.1
2/15/2024,197830,4.1,3.3,14.2
2/16/2024,233052,4.2,1,12.7
2/17/2024,141631,5.1,0.5,14.2
2/18/2024,134378,5,1.9,20.7
2/19/2024,184868,4.5,9.1,17.8
2/20/2024,189127,3.3,5.1,10.7
2/21/2024,222471,3.7,0.8,17.6
2/22/2024,242432,4,1.5,18.7
2/23/2024,239999,4.8,6.3,16.5
2/24/2024,51793,6.6,2.4,18.6
2/25/2024,32313,5.8,0.3,9.4
2/26/2024,139993,5.5,0,11.3
2/27/2024,136988,5,0.3,12.3
2/28/2024,80086,4.1,0,6.1
2/29/2024,152145,4.6,0,4.3
3/1/2024,99677,3.7,0.1,5.3
3/2/2024,147466,4.2,0.5,7.1
3/3/2024,234450,4.1,0,9.6
3/4/2024,292382,3.5,0,7.9
3/5/2024,288020,3.5,0,5.2
3/6/2024,303639,2.8,0.9,5.8
3/7/2024,277815,2.6,0,12.6
3/8/2024,328311,3.2,3,13.6
3/9/2024,236829,1.7,10,17.7
3/10/2024,202399,-2.8,0.4,19.8
3/11/2024,298771,0.4,0.7,14.5
3/12/2024,256519,4.7,0.3,16.1
3/13/2024,302772,5,4.2,9.3
3/14/2024,196217,4.9,0.6,12.7
3/15/2024,137360,4.5,1.7,13.3
3/16/2024,79767,4.3,9.4,12.5
3/17/2024,87824,3.3,10.6,9
3/18/2024,82344,1.3,0.6,17.4
3/19/2024,197087,0.7,0.4,10.5
3/20/2024,195948,0.9,1.1,8
3/21/2024,205430,1.1,0.4,7.2
3/22/2024,181301,1.8,0,13.2
3/23/2024,162528,2.4,0,15.8
3/24/2024,96603,1.4,0.4,13.2
3/25/2024,199876,1.7,1.4,10.6
3/26/2024,185212,0.2,0,16.3
3/27/2024,140572,-1.6,0,13.7
3/28/2024,94738,-0.5,0,10.7
3/29/2024,52442,-0.8,2,7.3
3/30/2024,66906,-0.8,0.1,6.9
3/31/2024,46273,0.7,0.4,3.3
4/1/2024,52489,2.5,0,12.8
4/2/2024,106023,4.6,9.9,8.7
4/3/2024,158024,6.6,4.5,11.8
4/4/2024,212027,5.3,0,10.3
4/5/2024,172979,4.2,5.4,16
4/6/2024,165559,5.5,0,12.7
4/7/2024,98091,6.2,11.9,15.8
4/8/2024,167882,3,1.3,14.9
4/9/2024,142991,2.8,0.7,9.8
4/10/2024,129212,3.6,0,9.3
4/11/2024,132409,3.4,0.2,8.2
4/12/2024,139188,3.6,0,9.7
4/13/2024,47619,4.6,0.2,9.3
4/14/2024,38263,4.6,0,8.6
4/15/2024,131490,4.9,0,9.7
4/16/2024,135977,4.1,0,12
4/17/2024,170395,3.9,0.1,11
4/18/2024,156361,3.9,1.2,10.9
4/19/2024,139014,4.2,1.5,8.7
4/20/2024,74274,5.9,4.2,7.7
4/21/2024,52603,5.9,0,5.9
4/22/2024,119885,6.4,0,6.8
4/23/2024,108076,6.3,0,11.7
4/24/2024,112498,7.9,3.2,8.9
4/25/2024,123312,8.5,0,6.9
4/26/2024,121059,8.3,0,7.3
4/27/2024,51499,6.6,0,7.8
4/28/2024,38563,5.4,0,7.7
4/29/2024,107519,5.9,0,11.2
4/30/2024,100635,5.7,0,12.9
5/1/2024,51774,6.4,0,8.7
5/2/2024,125874,6.7,2.8,10.6
5/3/2024,104171,5.6,3.4,16.4
5/4/2024,51036,6.2,8.8,13.2
5/5/2024,21630,7.1,0.4,10.8
5/6/2024,75808,7.9,2.4,9.6
5/7/2024,69077,9.7,3,8
5/8/2024,70885,10.2,0,12.8
5/9/2024,27684,7.6,6.4,12.4
5/10/2024,54729,9.5,0,8.4
5/11/2024,31315,12.6,0,7.1
5/12/2024,22699,7.1,0,7.4
5/13/2024,85454,6,5.4,13.3
5/14/2024,57535,4.8,1.5,12.6
5/15/2024,67622,6.1,0,9.7
5/16/2024,39980,9.3,0,8
5/17/2024,2579,11.1,0,9.2
5/18/2024,24323,7.6,0,10.6
5/19/2024,16236,8.5,0,11
5/20/2024,19094,12.5,0,9.4
5/21/2024,71766,13.1,0,5.4
5/22/2024,49885,12.3,0,7.8
5/23/2024,56824,11.4,0,10.3
5/24/2024,52421,12.5,0,9.2
5/25/2024,9150,10.7,0,5.3
5/26/2024,18317,10.8,0.7,7.6
5/27/2024,64371,10.9,0.4,8.9
5/28/2024,60355,10.9,11.1,13.8
5/29/2024,53592,10.5,1.2,11.3
5/30/2024,45564,14.2,0.2,13.7
5/31/2024,43761,9.6,0.3,12.2
6/1/2024,19463,10.2,0.6,8.4
6/2/2024,28063,10.3,0,9.8
6/3/2024,48748,10.4,0.1,10.1
6/4/2024,37832,9.7,0,10.2
6/5/2024,40201,8.8,0,10.8
6/6/2024,53051,9.5,1.8,8.3
6/7/2024,58881,10.4,0.6,8.1
6/8/2024,30313,10.1,0,10.1
6/9/2024,28717,9.3,0.1,9.8
6/10/2024,61377,9.5,0,8.9
6/11/2024,44779,14.7,0.2,5.8
6/12/2024,48926,15.6,0,6.5
6/13/2024,87360,11,0,12.9
6/14/2024,57419,11,2.7,14
6/15/2024,37340,10.3,6.8,16.6
6/16/2024,28441,12.2,0.3,8.1
6/17/2024,61446,12.3,0,11.7
6/18/2024,63769,10.9,4.8,12.9
6/19/2024,57042,11.2,3.7,13.4
6/20/2024,31635,11.4,2.4,7.3
6/21/2024,23713,11.9,0,7.9
6/22/2024,27664,15.8,0,12.9
6/23/2024,24577,12.4,6.4,12.1
6/24/2024,51291,11.5,36.3,15.5
6/25/2024,36510,13.4,1,9
6/26/2024,42263,12.3,0,8.8
6/27/2024,69987,11.5,1.2,7.2
6/28/2024,48619,12.6,0.8,7
6/29/2024,24841,14,0,10.8
6/30/2024,7114,12.9,0,7.3
7/1/2024,54704,12.9,2,6.6
7/2/2024,63203,11.1,0,9.2
7/3/2024,45332,11.2,0,7.9
7/4/2024,76768,12.5,0.8,7.4
7/5/2024,71433,13.1,3.2,7.4
7/6/2024,30592,11.9,1.4,6.7
7/7/2024,25744,13.4,0.5,4.2
7/8/2024,62917,12.4,0,7.4
7/9/2024,45896,14.2,0,7.9
7/10/2024,56675,16.7,0,5.2
7/11/2024,57228,15.1,0,5.7
7/12/2024,55886,15.5,0,6.6
7/13/2024,28966,13.3,0,6.2
7/14/2024,26185,14,0.2,5.1
7/15/2024,72858,17.7,0,8.7
7/16/2024,56073,18.1,0,6.7
7/17/2024,48897,13.8,0.2,9.3
7/18/2024,42540,14.5,3.8,6.1
7/19/2024,53206,14.6,0,6.1
7/20/2024,27662,16.9,0,6
7/21/2024,21117,15.8,1.4,6.7
7/22/2024,74619,15.4,0.1,4.4
7/23/2024,58710,15.3,0.3,4.1
7/24/2024,70382,15.9,0,6.4
7/25/2024,56435,16,0,5.8
7/26/2024,60542,15.6,8.4,8.7
7/27/2024,36835,15.1,0,10.2
7/28/2024,30870,16.3,0.1,9.4
7/29/2024,70433,17.4,0,6.2
7/30/2024,83533,18,0,4.5
7/31/2024,55739,17.5,0,6.5
8/1/2024,61420,17.8,0,7.1
8/2/2024,54409,17.6,0,7.7
8/3/2024,39539,16.2,6,9.8
8/4/2024,25922,16.2,0.1,10.3
8/5/2024,81272,15.7,0,5.8
8/6/2024,91343,16,0,6.2
8/7/2024,76293,16.4,0.1,8.1
8/8/2024,75536,18,0,8.1
8/9/2024,65102,15,0.4,8.7
8/10/2024,35912,14.2,12.3,11.1
8/11/2024,46283,13.7,4.8,14.6
8/12/2024,88179,13.6,6.6,12.8
8/13/2024,86655,12.7,6.7,11.4
8/14/2024,98501,14.2,7.8,12.9
8/15/2024,93852,13.5,4,9.3
8/16/2024,79024,14.3,0.5,8.6
8/17/2024,36670,13.4,6.1,9.5
8/18/2024,26701,12.8,22.2,19.3
8/19/2024,98980,12.4,4.1,10.9
8/20/2024,74946,11.7,14.3,14.4
8/21/2024,83410,10.9,4.8,18.2
8/22/2024,92195,12.5,3.5,11.5
8/23/2024,97315,14.3,1.1,9.1
8/24/2024,56671,13.2,1.2,11.9
8/25/2024,46361,12.3,0,9.5
8/26/2024,58998,12.4,0.4,8.7
8/27/2024,67142,14.7,0.1,7.4
8/28/2024,51167,15.5,0,12.4
8/29/2024,92746,13.4,0.9,13.4
8/30/2024,106334,11.8,0,9.2
8/31/2024,74537,12.1,0,9.7
9/1/2024,47322,13.2,0,10.5
9/2/2024,121519,15.7,0,8.7
9/3/2024,116914,15.5,0.7,8.5
9/4/2024,118528,12.8,8.9,11.3
9/5/2024,101775,13.6,5.5,10.7
9/6/2024,77063,12.8,8.4,15.9
9/7/2024,50761,11.2,2.2,17.7
9/8/2024,57428,10,2.3,14.6
9/9/2024,110269,13.1,1.4,9.3
9/10/2024,103469,12.2,0.2,11.4
9/11/2024,96542,11.1,1.6,16.1
9/12/2024,82214,12.5,1.5,15.5
9/13/2024,60773,11.6,1.1,15.8
9/14/2024,43144,8.2,0.4,14
9/15/2024,38468,8,1.7,14.9
9/16/2024,116986,8.3,0.9,6.1
9/17/2024,108425,8.1,4.4,7.2
9/18/2024,75035,7.8,8.3,11.4
9/19/2024,82267,9.1,2.5,9
9/20/2024,53217,8.1,1,15.4
9/21/2024,39231,5.8,0.3,10.6
9/22/2024,43672,7.2,6.9,13.8
9/23/2024,117995,6,2.5,16.5
9/24/2024,101502,7.8,2.7,17.3
9/25/2024,112548,6.2,12.4,21.8
9/26/2024,112338,6.9,2.6,8.7
9/27/2024,102757,7.6,5.8,12.4
9/28/2024,54735,6.9,4.5,17.8
9/29/2024,37354,6.3,2.6,7.1
9/30/2024,84707,6.1,5.1,11.8
10/1/2024,62350,6.6,1.7,9.2
10/2/2024,61499,5.3,0.4,10.2
10/3/2024,77529,6.3,3.2,9.3
10/4/2024,94732,6.4,7.3,11.1
10/5/2024,59284,5.4,0.9,15.3
10/6/2024,44358,5.9,3.5,17.5
10/7/2024,108474,6.3,4.6,16
10/8/2024,115919,5.8,3.4,12.1
10/9/2024,97721,7.5,3.7,15.5
10/10/2024,62160,10.1,11.7,13.8
10/11/2024,75850,10.6,1.8,12
10/12/2024,33478,10.7,9.4,15.7
10/13/2024,47090,11,0,8.6
10/14/2024,71245,10.2,0,8.5
10/15/2024,101008,10.7,8.4,11.7
10/16/2024,100358,8.9,8.9,17.3
10/17/2024,111957,7.4,3.9,19.6
10/18/2024,69681,9.7,3.3,15.9
10/19/2024,54120,8.3,7.1,17.8
10/20/2024,66768,8.8,0.7,13.7
10/21/2024,133746,8.4,3.6,15.9
10/22/2024,84784,4.2,9.7,19
10/23/2024,78084,4.9,3.9,24.3
10/24/2024,87832,3.7,8.1,27.6
10/25/2024,72888,2.9,2.8,16
10/26/2024,59552,3.8,7.4,27.4
10/27/2024,36712,3,3,20.7
10/28/2024,85643,4.5,2.5,14.7
10/29/2024,62179,7,1.5,13.3
10/30/2024,51013,7.8,21.2,12.7
10/31/2024,86592,8.2,5,10.9
11/1/2024,94618,9.2,1.3,15
11/2/2024,36505,9.4,4.8,17.3
11/3/2024,35049,6.6,1.4,15.8
11/4/2024,85532,7.8,0,6.3
11/5/2024,116468,7.5,1.2,11
11/6/2024,115401,8.2,1.8,12.9
11/7/2024,95359,6.5,6.3,20.1
11/8/2024,44306,4.9,7.3,18.8
11/9/2024,31726,8.2,4,15
11/10/2024,56958,4.1,12.3,12.2
11/11/2024,157056,5.9,4.9,20.7
11/12/2024,151635,4.2,5.1,18.7
11/13/2024,85687,3.1,5,13
11/14/2024,44211,2.2,0,14.3
11/15/2024,51331,0.7,0,14.1
11/16/2024,73670,1.7,0,13.5
11/17/2024,54307,2.6,2.5,16.6
11/18/2024,143148,2.7,6.1,17.3
11/19/2024,93928,3.1,11,13.1
11/20/2024,128750,2.3,16.3,15.9
11/21/2024,165762,3.9,0.9,13
11/22/2024,105868,5,0.5,16.7
11/23/2024,26131,0.2,5.9,17.9
11/24/2024,39106,1.3,2.2,12.6
11/25/2024,100036,3.5,0.4,18.4
11/26/2024,136496,0.3,17.2,24.4
11/27/2024,132522,1.6,2.3,18.5
11/28/2024,123354,2.2,1.8,13.9
11/29/2024,45312,3.3,2.6,17.3
11/30/2024,30332,4.3,0,14.9
12/1/2024,64299,5.6,3.8,16.6
12/2/2024,76127,4.4,4.1,19.5
12/3/2024,101005,6,0.1,18.8
12/4/2024,106027,5.8,14,18.7
12/5/2024,93017,1.8,2.8,18.4
12/6/2024,79928,1.1,0.1,17.1
12/7/2024,74399,2,0.1,10.2
12/8/2024,42869,2.4,9.3,8.9
12/9/2024,86075,2,7.3,22.4
12/10/2024,56323,2.7,11.6,16.2
12/11/2024,48048,2.2,9.2,14.1
12/12/2024,63045,0.8,0,17.6
12/13/2024,86159,-0.1,0.1,20.9
12/14/2024,55075,1.3,0.2,14.4
12/15/2024,53365,1.4,0.2,7.6
12/16/2024,59682,1.3,0,13.8
12/17/2024,47013,1.3,0,10.4
12/18/2024,69316,3.5,0,17.8
12/19/2024,60191,6.3,8.2,23.6
12/20/2024,32204,5.3,12.5,24
12/21/2024,7496,6,6.9,22
12/22/2024,10296,5.3,8,15
12/23/2024,10422,2.2,11.6,19
12/24/2024,49,1.1,4.6,26
12/25/2024,3744,0.3,4.5,20.2
12/26/2024,1092,1.3,1.5,9.1
12/27/2024,6482,-1.6,5.6,10.1
12/28/2024,4242,-1.1,8.4,11.1
12/29/2024,7108,0.7,2.9,12.1
12/30/2024,7026,0.2,3.9,13.1
12/31/2024,11241,0.4,0,14.1
1/1/2025,7811,-1.7,0,15.1
1/2/2025,44109,-1.4,0,16.1
1/3/2025,47631,-0.5,4.9,9.1
1/4/2025,78863,1.4,0.3,13.1
1/5/2025,103726,1.4,2.3,16.3
1/6/2025,154741,4.7,1.3,16.9
1/7/2025,143507,5.4,11.8,23.3
1/8/2025,131116,5.2,8,20.9
1/9/2025,156504,7.2,3.5,18.7
1/10/2025,170985,7.4,13.2,15.4
1/11/2025,78418,7.1,0.8,19
1/12/2025,63860,1.8,9.3,24.1
1/13/2025,73946,2.4,8.7,15.6
1/14/2025,99506,-0.3,0.3,14.9
1/15/2025,102768,0.6,0,14.2
1/16/2025,59386,-0.7,0,8.1
1/17/2025,58240,1.7,0.2,8.8
1/18/2025,40663,2.6,0.7,13.2
1/19/2025,34902,2.4,0,17.5
1/20/2025,122652,5.1,8.1,19.3
1/21/2025,158910,4.1,6.7,16.3
1/22/2025,241769,3.3,5.2,12.7
1/23/2025,212477,3.1,2.3,12.1
1/24/2025,240450,3.5,0,6.8
1/25/2025,114198,3.6,3,13.3
1/26/2025,80086,2.2,1.2,10.5
1/27/2025,123282,2.4,0.1,10.5
1/28/2025,176667,1.2,0,13.5
1/29/2025,179871,1.4,0.7,12.5
1/30/2025,223263,4.3,18.5,17.7
1/31/2025,185543,7.1,2.4,22.5
2/1/2025,128220,7.5,5,18.9
2/2/2025,132139,5.2,0.1,14.8
2/3/2025,153087,4.2,3.5,16
2/4/2025,98140,4.6,2.3,11.8
2/5/2025,79167,5.6,0.5,13.6
2/6/2025,55506,2,1.6,11.2
2/7/2025,48816,1.6,0.7,12
2/8/2025,38644,0.4,4.8,15.7
2/9/2025,41275,0.3,0.8,10.3
2/10/2025,118981,1.6,2.3,13.9
2/11/2025,91405,2,2.2,10.5
2/12/2025,144651,1.9,1.3,13.9
2/13/2025,263620,2.3,1.4,11.8
2/14/2025,218061,3.4,1.3,12.6
2/15/2025,167417,5,0,14.1
2/16/2025,156352,7,1.6,17.8
2/17/2025,268173,7.1,0.1,16.4
2/18/2025,218745,6.6,2.5,13.9
2/19/2025,221139,6.8,2.6,13.1
2/20/2025,164568,5.3,0,14.1
2/21/2025,179147,3.8,4.1,12.3
2/22/2025,138633,3.6,3.8,13.5
2/23/2025,72026,4.5,4.2,17.3
2/24/2025,171379,3.9,13.8,15.5
2/25/2025,201754,4.3,4.5,16.3
2/26/2025,251481,3.8,5,16.2
2/27/2025,303349,2.9,3.1,15
2/28/2025,261856,4,0.1,11.8
3/1/2025,183890,3.7,0,13.5
3/2/2025,145306,3.8,8.9,21.9
3/3/2025,136982,1.9,1.1,11.3
3/4/2025,189390,0.9,1.8,11.3
3/5/2025,223747,0.2,0.2,6.5
3/6/2025,240872,0.1,0.1,5.7
3/7/2025,268936,0.3,1.6,17.2
3/8/2025,101624,-0.7,1.9,15.3
3/9/2025,126071,-1.3,6.2,18.8
3/10/2025,274298,-0.2,1.9,23.8
3/11/2025,318251,3.2,0.9,14.4
3/12/2025,327733,4.6,3,22.7
3/13/2025,227481,-0.3,2,19.7
3/14/2025,213489,0.1,0.4,12.2
3/15/2025,136780,4,0.1,12.6
3/16/2025,56920,6.5,0,12.7
3/17/2025,128525,7.4,0,17.2
3/18/2025,95926,4.7,0.3,22
3/19/2025,67901,1.3,11.6,22.3
3/20/2025,174435,3,1.6,11.9
3/21/2025,232456,4.7,9.5,15.6
3/22/2025,99258,5.2,7.8,13
3/23/2025,79658,4.7,10.1,13.2
3/24/2025,114976,4.1,0.1,9.4
3/25/2025,133287,4.6,0,12.9
3/26/2025,165458,6.6,4.2,14.6
3/27/2025,233354,6,8.2,14.7
3/28/2025,308200,4.9,2.4,27.2
3/29/2025,208957,2.2,4.5,20.7
3/30/2025,226923,3.9,2.7,11.3
3/31/2025,320771,4.8,2.4,10.8
4/1/2025,237119,5.4,2.1,8
4/2/2025,171155,3.6,2.1,14.3
4/3/2025,68693,0,2.2,17.6
,,,,
