"date","spontan_ka_nnedom","direct_mail","bio","desktop","display","landsort","lokal_tv","mobile","oadressed_dr","online_video","popul_a_rpress","radio","social_media","storstad_kv_a_ll","storstad_morgon","tv","utomhus"
2013-06-17,58.66333333,0,0,0,0,141,0,0,62,0,100,0,0,0,0,4151,251
2013-06-24,63.16,0,0,0,0,115,0,0,58,0,0,0,0,0,0,3873,251
2013-07-01,61.17333333,0,0,0,0,77,0,0,53,0,0,0,0,0,0,4896,251
2013-07-08,63.48333333,0,0,0,0,210,0,0,42,0,0,0,0,0,0,43,251
2013-07-15,53.76,0,0,0,0,0,0,0,58,0,100,0,0,0,0,0,251
2013-07-22,53.61,0,0,0,0,0,0,0,57,0,0,0,0,0,0,2290,251
2013-07-29,50.55,0,0,0,0,0,0,0,54,0,142,0,0,0,0,2722,251
2013-08-05,58.7,0,0,0,0,0,0,0,47,0,0,0,0,0,0,79,251
2013-08-12,60.69666667,0,0,0,0,103,0,0,50,0,0,0,0,0,0,2623,251
2013-08-19,63.70333333,0,0,0,0,0,0,0,59,0,24,0,0,0,0,2868,251
2013-08-26,58.95333333,0,0,0,0,38,0,0,55,0,0,0,0,0,0,2551,251
2013-09-02,57.79333333,0,0,0,0,38,0,0,53,0,211,0,0,0,643,5149,847
2013-09-09,58.32666667,0,0,0,0,401,0,0,44,0,168,0,0,0,658,5725,386
2013-09-16,63.55,0,0,0,0,88,0,0,63,0,0,0,0,0,468,5131,4239
2013-09-23,63.69666667,0,0,0,0,88,0,0,57,0,0,0,0,0,777,5493,350
2013-09-30,63.47333333,0,73,0,0,31,0,0,55,0,0,0,0,0,284,4881,255
2013-10-07,58.45333333,0,86,0,0,50,0,0,44,0,43,0,0,0,113,4607,255
2013-10-14,60.21,0,86,0,0,241,0,0,56,0,0,0,0,0,0,4089,255
2013-10-21,56.49333333,0,86,0,0,525,0,0,58,0,76,0,0,0,0,4275,255
2013-10-28,62.09,0,49,0,0,52,0,0,78,0,0,0,0,95,0,5510,676
2013-11-04,62.33333333,0,0,0,0,0,0,0,100,0,43,92,0,0,0,1661,94
2013-11-11,62.94,0,0,0,0,0,0,0,98,0,0,0,0,95,122,1,94
2013-11-18,62.90333333,0,0,0,0,142,0,0,123,0,0,0,0,0,1092,3978,94
2013-11-25,66.8,8,0,0,0,209,0,0,115,0,0,0,0,0,0,5860,168
2013-12-02,68.56,53,0,0,0,0,0,0,102,0,43,0,0,0,0,7959,255
2013-12-09,66.49333333,53,0,0,0,24,0,0,84,0,0,0,0,0,0,6013,255
2013-12-16,61.97,53,0,0,0,4,0,0,122,0,0,0,0,0,0,8155,255
2013-12-23,64.73333333,53,0,0,0,0,0,0,111,0,0,0,0,0,0,4671,232
2013-12-30,63.28,15,0,0,0,482,0,0,103,0,0,0,0,769,598,3528,200
2014-01-06,59.36666667,0,0,0,0,0,0,0,86,0,43,0,0,519,907,1308,0
2014-01-13,57.73,0,0,0,0,64,0,0,101,0,0,0,0,0,1319,4432,0
2014-01-20,56.08333333,0,0,0,0,373,0,0,111,0,0,0,0,54,955,3972,0
2014-01-27,57.24666667,3,0,0,0,59,0,0,106,0,0,0,0,114,836,1828,0
2014-02-03,56.23333333,12,0,0,0,262,0,0,105,0,0,124,0,1010,2185,5110,2551
2014-02-10,58.27,12,0,0,0,0,0,0,100,0,43,162,0,530,1247,7645,2789
2014-02-17,63.70666667,12,0,0,0,856,0,0,125,0,0,144,0,693,2681,7581,1422
2014-02-24,67.47333333,9,0,0,0,257,0,0,127,0,0,927,0,1204,2782,5093,0
2014-03-03,68.67666667,0,0,0,0,88,0,0,146,0,43,608,0,643,2694,5230,0
2014-03-10,66.29666667,0,0,0,0,0,0,0,539,0,0,542,0,0,913,1447,237
2014-03-17,61.72,0,0,0,0,301,0,0,179,0,0,218,0,381,1320,4613,1659
2014-03-24,59.96,0,0,0,0,303,0,0,161,0,0,0,0,617,1357,3632,3712
2014-03-31,61.52666667,4,0,0,0,0,0,0,81,0,0,0,0,381,1540,6788,0
2014-04-07,63.31666667,4,0,0,0,578,0,0,56,0,43,0,0,732,3008,5891,0
2014-04-14,63.14666667,4,0,0,0,98,0,0,71,0,0,0,0,1025,2272,5135,0
2014-04-21,61.88666667,4,0,0,0,322,0,0,72,0,0,0,0,763,1183,3941,0
2014-04-28,62.95,5,0,0,0,204,0,0,162,0,0,0,0,329,1055,7373,152
2014-05-05,61.02333333,5,0,0,0,0,0,0,202,0,43,0,0,333,831,4411,913
2014-05-12,62.1,5,0,0,0,0,0,0,217,0,0,0,0,437,352,5726,0
2014-05-19,60.76666667,5,0,0,0,632,0,0,256,0,0,0,0,385,846,4001,0
2014-05-26,63.04333333,6,0,0,0,648,0,0,226,0,0,0,0,546,2162,698,0
2014-06-02,61.41333333,9,0,0,0,0,0,0,154,0,43,0,0,306,1527,2243,0
2014-06-09,61.03666667,9,0,0,0,91,0,0,127,0,0,0,0,644,2101,2629,0
2014-06-16,62.8,9,0,0,0,386,0,0,184,0,0,0,0,391,1234,5504,0
2014-06-23,63.19333333,9,0,0,0,275,0,0,165,0,0,0,0,414,1100,5290,200
2014-06-30,65.13333333,5,0,0,0,260,0,0,70,0,0,0,0,546,1287,2585,200
2014-07-07,62.67333333,4,0,0,0,0,0,0,42,0,43,0,0,270,317,6372,200
2014-07-14,62.69333333,4,0,0,0,0,0,0,53,0,0,0,0,0,0,117,0
2014-07-21,56.43333333,4,0,0,0,0,0,0,55,0,0,0,0,795,0,3745,2490
2014-07-28,54.92333333,3,0,0,0,0,0,0,51,0,0,0,0,690,0,1998,1750
2014-08-04,56.64666667,0,0,0,0,0,0,0,46,0,43,0,0,702,0,9071,0
2014-08-11,59.67,0,0,0,0,0,0,0,45,0,24,0,0,311,660,6294,0
2014-08-18,61.13666667,0,0,0,0,395,0,0,57,0,130,0,0,652,565,2870,0
2014-08-25,64.6,0,0,0,0,251,0,0,52,0,80,0,0,422,794,2857,0
2014-09-01,65.68666667,0,0,0,0,564,0,0,104,0,135,183,0,552,1495,3283,0
2014-09-08,69.67333333,0,0,0,0,0,0,0,83,0,129,215,0,490,1466,3384,0
2014-09-15,63.82,0,0,0,0,135,0,0,115,0,0,224,0,0,0,5072,0
2014-09-22,63.86333333,0,0,0,0,317,0,0,110,0,0,212,0,720,1725,3457,0
2014-09-29,60.32,0,0,0,0,60,0,0,33,0,0,233,0,0,1815,4827,0
2014-10-06,62.12666667,0,0,0,0,141,0,0,43,0,43,271,0,0,1208,1626,0
2014-10-13,60.16333333,0,0,0,0,402,0,0,50,0,0,0,0,546,1649,7775,0
2014-10-20,59.59,0,0,0,0,984,0,0,56,0,0,70,0,561,1942,6329,0
2014-10-27,59.76666667,11,55,0,0,518,0,0,67,0,0,73,0,489,2133,4396,0
2014-11-03,61.94666667,40,193,0,0,202,0,0,98,0,43,73,0,0,2006,5119,0
2014-11-10,65.99666667,40,193,0,0,174,0,0,88,0,0,70,0,0,0,6695,0
2014-11-17,65.32,40,193,0,0,852,0,0,119,0,48,0,0,0,387,4539,0
2014-11-24,67.48,40,193,0,0,826,0,0,110,0,0,0,0,720,812,2800,0
2014-12-01,64.40333333,0,0,0,0,1064,0,0,147,0,43,0,0,693,870,4316,221
2014-12-08,67.36,0,0,0,0,0,0,0,118,0,0,0,0,736,673,2655,536
2014-12-15,61.97333333,0,0,0,0,0,0,0,163,0,0,0,0,339,387,3704,583
2014-12-22,65.84666667,0,0,0,0,784,0,0,224,0,0,0,0,393,392,3099,4314
2014-12-29,64.78333333,0,0,162,0,1067,0,49,88,0,0,0,0,394,316,2350,1010
2015-01-05,68.36333333,0,0,143,0,0,0,79,137,0,43,0,0,0,21,2238,1468
2015-01-12,66.43,0,0,753,0,0,0,0,147,0,0,0,0,0,282,2559,1258
2015-01-19,66.79666667,0,0,391,0,1338,0,0,174,0,0,0,0,892,2274,1966,0
2015-01-26,64.53666667,0,0,490,0,842,0,0,174,0,0,0,0,0,1156,2110,0
2015-02-02,64.16,0,0,139,0,310,0,25,246,0,43,0,0,1446,886,3565,0
2015-02-09,62.20333333,0,0,87,0,3090,0,24,215,0,0,0,0,1354,41,4608,3964
2015-02-16,62.49,0,0,127,0,242,0,8,289,0,0,0,0,1868,622,3279,0
2015-02-23,64.54666667,0,0,135,0,403,0,75,249,0,0,0,0,1420,2200,3609,0
2015-03-02,69.48666667,0,0,187,0,0,0,8,163,0,43,0,0,1098,0,3206,0
2015-03-09,72.90666667,0,0,106,0,0,0,16,134,0,0,0,0,1052,726,4055,0
2015-03-16,68.62333333,0,0,32,0,25,0,42,195,0,0,0,0,774,0,2246,0
2015-03-23,65.47666667,0,0,364,0,410,0,153,177,0,0,0,0,983,213,1469,0
2015-03-30,59.56333333,0,185,342,0,427,0,60,164,0,88,0,0,824,1204,12,0
2015-04-06,62.00333333,0,259,262,0,395,0,94,137,0,0,133,0,513,1049,4336,132
2015-04-13,57.3,0,259,92,0,0,0,82,160,0,0,0,0,0,874,6015,4078
2015-04-20,59.78333333,0,259,92,0,0,0,226,174,0,0,0,0,0,0,5985,220
2015-04-27,58.61666667,0,148,457,0,0,0,122,198,0,0,0,0,0,0,376,0
2015-05-04,61.71333333,0,0,318,0,434,0,100,212,0,43,0,0,0,535,5754,497
2015-05-11,62.7,0,0,407,0,382,0,67,209,0,45,0,0,0,368,4368,497
2015-05-18,60.34333333,0,0,454,0,0,0,65,265,0,0,0,0,0,0,2543,481
2015-05-25,58.79666667,0,0,95,0,3059,0,50,241,0,0,0,0,688,1334,1332,3504
2015-06-01,58.94666667,9,0,60,0,0,1,42,197,0,43,0,0,0,0,2322,0
2015-06-08,55.82333333,9,0,243,0,80,1,39,157,0,0,0,0,0,32,2405,0
2015-06-15,54.08,9,0,193,0,314,1,42,218,0,0,0,0,0,0,12,217
2015-06-22,55.49,9,0,84,0,1288,1,27,208,0,0,97,0,589,1078,3277,3177
2015-06-29,61.98,3,0,71,0,355,0,15,129,0,0,129,0,744,1169,1946,340
2015-07-06,64.55666667,0,0,67,0,0,0,22,79,0,43,27,0,207,0,6056,2249
2015-07-13,63.60333333,0,0,2,0,0,0,0,93,0,0,0,0,0,0,3801,2249
2015-07-20,59.39,0,0,0,0,0,0,18,103,0,0,0,0,0,0,12,1945
2015-07-27,60.59,0,0,76,0,0,0,16,136,0,0,140,0,0,0,0,17
2015-08-03,56.16666667,0,0,123,0,173,0,40,223,0,43,122,0,0,0,0,0
2015-08-10,54.08333333,0,0,0,0,0,0,14,201,0,0,0,0,0,0,0,0
2015-08-17,50.33333333,0,0,0,0,678,0,8,274,0,0,0,0,396,843,0,0
2015-08-24,50.25666667,0,0,1,0,678,0,8,246,0,0,0,0,396,1701,0,0
2015-08-31,55.96333333,0,145,510,0,0,0,191,176,0,0,0,0,0,41,8027,5530
2015-09-07,56.14,0,169,517,0,2042,0,57,136,0,93,0,0,446,706,6670,41
2015-09-14,57.41666667,0,169,343,0,0,0,948,174,0,0,0,0,371,1665,4948,0
2015-09-21,55.04333333,0,169,330,0,2570,0,532,177,0,0,0,0,400,677,5330,241
2015-09-28,55.86666667,0,73,205,0,1223,0,85,168,0,0,0,0,396,645,5057,2619
2015-10-05,57.90666667,0,0,195,0,1201,0,86,300,0,43,0,0,400,677,5838,0
2015-10-12,60.18666667,0,0,262,0,1404,0,49,151,0,0,0,0,446,742,21,0
2015-10-19,60.42666667,0,0,703,0,0,0,152,179,0,0,0,0,0,0,7282,5360
2015-10-26,58.82666667,0,28,122,0,110,0,99,166,0,0,0,0,378,793,5754,41
2015-11-02,58.88,0,197,245,0,2678,0,79,166,0,43,0,0,400,0,5310,53
2015-11-09,58.28666667,0,197,301,0,1476,0,95,137,0,45,0,0,635,741,5478,368
2015-11-16,60.12666667,0,197,265,0,1162,0,34,198,0,0,0,0,189,235,4108,828
2015-11-23,56.66666667,0,197,294,0,2867,0,323,178,0,0,904,0,391,628,4,865
2015-11-30,58.74666667,54,234,323,0,2120,0,0,156,28,0,0,0,963,497,9122,987
2015-12-07,61.16666667,63,240,308,0,1213,0,42,123,32,0,0,0,1140,2219,10387,5846
2015-12-14,63.00666667,63,240,327,0,2842,0,180,157,38,0,0,0,1034,1574,10921,0
2015-12-21,58.37,63,240,722,0,0,0,103,162,15,0,0,0,778,0,4908,2550
2015-12-28,57.13,36,137,1046,0,1056,0,119,116,0,0,0,0,189,746,1731,4095
2016-01-04,57.48,0,0,1840,0,2308,0,304,61,263,0,554,0,207,740,5004,0
2016-01-11,62.26666667,0,0,702,0,0,0,92,60,53,0,328,0,238,451,2887,0
2016-01-18,60.88333333,0,0,590,0,1099,0,91,76,311,0,497,0,400,527,3020,0
2016-01-25,60.25666667,0,0,922,0,1603,0,10,69,0,0,29,0,0,29,0,0
2016-02-01,57.35666667,0,0,36,0,2507,0,95,152,136,0,0,0,396,2016,5964,6227
2016-02-08,62.07,0,0,59,0,63,0,0,121,62,0,533,0,207,642,6379,656
2016-02-15,63.78333333,0,0,351,0,2260,0,69,176,72,0,594,0,0,1427,7836,656
2016-02-22,65.08333333,0,0,373,0,61,0,9,158,14,0,839,0,189,1970,7125,656
2016-02-29,57.71333333,0,120,410,0,1544,0,265,135,320,44,72,0,400,2980,7467,7691
2016-03-07,59.40666667,0,140,83,0,121,0,205,110,102,43,325,0,400,1331,4433,78
2016-03-14,62.54333333,0,140,188,0,0,0,2,140,134,43,245,0,0,1123,4863,53
2016-03-21,64.92666667,0,140,347,0,0,0,0,145,83,43,0,0,0,1506,4625,6341
2016-03-28,63.87,0,150,386,0,2321,386,0,165,305,0,252,0,396,2146,5544,0
2016-04-04,62.41666667,0,164,132,0,0,940,0,183,104,0,377,0,189,1651,5679,0
2016-04-11,61.02333333,0,164,26,0,182,330,0,181,206,0,751,0,189,712,16,189
2016-04-18,60.43666667,0,164,21,0,1346,704,0,225,223,43,0,0,211,264,2600,1323
2016-04-25,57.43333333,0,141,17,0,1272,0,29,192,191,0,9,0,396,1350,6061,1868
2016-05-02,57.69666667,0,0,43,0,0,5,57,64,91,0,6,0,0,0,8,0
2016-05-09,51.54333333,0,0,54,0,1712,0,9,53,168,92,6,0,396,683,5730,5726
2016-05-16,53.59333333,0,0,44,0,0,0,25,77,103,43,177,0,0,0,5315,0
2016-05-23,55.00666667,0,0,262,0,2670,0,23,70,73,49,178,0,774,4628,4495,1614
2016-05-30,61.17,71,0,62,0,0,0,6,118,0,43,50,0,0,1025,15,374
2016-06-06,59.53,99,0,7,0,1315,0,0,117,16,0,0,0,396,1646,2962,0
2016-06-13,58.40666667,99,0,3,0,1577,0,0,138,2,0,0,0,189,709,2713,2
2016-06-20,60.69666667,99,0,9,0,0,0,0,150,0,0,0,0,211,0,3,13
2016-06-27,66.35666667,57,80,7,0,1126,0,0,113,119,0,0,0,470,1282,5277,4468
2016-07-04,69.03333333,0,187,6,0,0,0,0,61,30,0,0,0,0,0,1549,11
2016-07-11,66.78333333,0,187,26,0,1495,0,0,60,8,0,0,0,396,472,2261,0
2016-07-18,61.62666667,0,187,19,0,0,0,0,76,175,0,0,0,0,0,595,0
2016-07-25,56.99666667,0,187,25,0,1613,0,0,69,82,0,0,0,396,451,926,0
2016-08-01,50.57666667,0,16,1,0,56,0,0,206,1,0,0,0,400,306,1234,0
2016-08-08,53.55,0,16,0,0,0,0,0,165,0,0,4,0,0,0,1327,0
2016-08-15,59.98333333,0,16,18,0,0,0,0,228,0,0,4,0,0,0,1969,5995
2016-08-22,65.79,0,16,5,0,1536,0,0,221,67,0,4,0,396,1144,14,0
2016-08-29,61.88333333,0,20,48,0,0,0,0,131,45,0,7,0,0,0,0,0
2016-09-05,58.62,0,23,57,0,1674,0,4,61,299,43,0,0,342,2065,3172,345
2016-09-12,57.31333333,0,23,344,0,3492,0,15,65,217,43,0,0,842,3215,2610,0
2016-09-19,57.25,0,23,377,0,1313,353,2,76,86,43,0,0,371,2224,1,214
2016-09-26,60.53666667,0,144,134,0,238,30,0,152,0,43,182,0,396,1583,236,0
2016-10-03,62.88,0,444,1,0,1302,0,0,329,168,43,0,0,445,976,216,5995
2016-10-10,66.12,0,444,4,0,1988,0,0,297,34,43,0,0,787,2236,2,0
2016-10-17,58.36666667,0,444,112,0,2569,3171,0,405,4,0,0,0,787,2383,51,2567
2016-10-24,52.69666667,0,444,14,0,2442,0,0,363,0,47,0,0,787,3419,1620,631
2016-10-31,53.73333333,0,63,2,0,0,0,0,149,0,0,0,0,0,0,2,39
2016-11-07,56.75666667,0,0,5,0,0,0,0,94,0,0,0,0,0,0,0,250
2016-11-14,59.53,0,0,0,0,2126,0,0,120,0,0,0,0,0,1801,3735,578
2016-11-21,58.26666667,0,0,6,0,2521,0,0,122,231,0,0,0,798,2164,9353,50
2016-11-28,61.34,0,185,43,0,0,0,0,126,69,0,0,0,795,1165,7243,5964
2016-12-05,60.63666667,0,324,49,0,109,0,1381,113,21,0,0,0,76,591,6345,166
2016-12-12,63.47,0,324,47,0,117,0,2619,122,16,0,0,0,207,759,6105,172
2016-12-19,61.53,0,324,44,0,121,0,764,143,14,0,0,0,189,839,6879,0
2016-12-26,64.49,0,277,17,0,1580,0,10,114,12,0,0,0,348,1156,2236,6759
2017-01-02,64.03666667,0,0,0,0,0,0,12,0,13,0,0,0,446,170,1614,0
2017-01-09,61.8,0,0,0,0,121,0,0,0,9,0,0,0,446,136,2273,16
2017-01-16,62.93333333,0,0,0,0,1068,137,35,0,0,0,0,0,559,1260,4,157
2017-01-23,61.79666667,0,0,0,0,1606,157,2,0,0,0,0,0,192,688,0,2114
2017-01-30,63.46333333,0,0,0,0,192,164,1,0,0,0,0,0,189,394,1658,675
2017-02-06,64.67666667,0,0,0,0,114,171,2,0,0,0,0,0,381,621,2178,598
2017-02-13,60.64666667,0,0,1,0,121,59,1,0,0,0,0,0,0,149,3,0
2017-02-20,62.02,0,0,0,0,364,0,0,0,0,0,0,0,192,770,0,0
2017-02-27,59.69333333,0,0,3,0,3116,0,0,533,0,0,0,0,0,1481,0,487
2017-03-06,60.32333333,0,0,3,0,533,0,0,57,0,0,0,0,381,285,1068,696
2017-03-13,54.77,0,0,1,0,338,0,0,67,0,0,0,0,192,837,1146,697
2017-03-20,58.73333333,0,0,1,0,422,0,0,74,0,0,0,0,381,991,24,0
2017-03-27,57.45666667,64,0,3,0,1217,0,0,49,54,0,0,0,790,1657,4403,0
2017-04-03,65.34333333,224,0,0,0,759,0,0,0,49,0,0,0,401,1228,2450,1750
2017-04-10,62.76,224,0,0,0,1746,0,0,0,38,43,0,0,1171,2186,2937,0
2017-04-17,63.81666667,224,0,1,0,1196,0,0,0,36,43,0,0,1516,3031,1814,2664
2017-04-24,59.42333333,224,0,7,0,2381,0,0,0,4,43,0,0,1641,3806,2394,1314
2017-05-01,58.36666667,0,0,1133,0,1195,0,37,0,89,43,0,0,1312,3365,0,600
2017-05-08,61.67333333,0,0,1136,0,2020,0,5,0,57,43,0,0,485,1598,2451,0
2017-05-15,58.86666667,0,0,1890,0,1768,0,5,0,21,43,0,0,409,1455,2025,0
2017-05-22,56.55666667,0,0,72,0,0,0,0,0,19,43,0,0,0,754,2,0
2017-05-29,54.31666667,0,0,0,0,0,0,0,0,0,0,0,0,0,0,0,0
2017-06-05,60.13333333,0,0,28,0,2579,0,4,0,4,0,0,0,570,3264,0,0
2017-06-12,60.38333333,0,0,50,0,121,0,6,0,0,133,0,0,304,3369,826,407
2017-06-19,61.61666667,0,0,315,0,208,240,23,0,102,145,0,0,880,2070,1342,737
2017-06-26,60.35333333,0,0,335,0,1713,216,50,0,107,133,108,0,984,2606,976,733
2017-07-03,60.71333333,0,0,2362,0,414,248,1404,0,218,0,141,0,488,1365,1150,0
2017-07-10,60.52666667,0,0,2183,0,518,201,3160,0,285,0,265,0,597,1791,1334,0
2017-07-17,61.03,0,0,1662,0,117,0,2648,0,161,0,33,0,520,1382,851,0
2017-07-24,64.03,0,0,1799,0,1472,0,2649,0,64,0,185,0,765,1500,1346,0
2017-07-31,63.81333333,0,0,2134,0,0,0,1230,0,59,0,0,0,162,85,685,0
2017-08-07,64.09666667,0,0,1782,0,1795,0,1489,0,100,0,0,0,658,967,1190,318
2017-08-14,59.55,0,0,1530,0,1075,0,1598,0,68,0,0,0,551,1406,1864,2228
2017-08-21,59.86333333,0,0,151,0,0,0,0,0,9,0,0,0,0,0,0,2228
2017-08-28,52.79333333,0,0,9,0,0,0,0,0,13,0,0,0,0,0,0,1905
2017-09-04,52.79,0,0,23,0,1595,0,1,0,1,0,0,0,446,1278,1614,72
2017-09-11,50.44333333,0,0,0,0,0,0,725,0,0,0,0,0,0,0,16,1884
2017-09-18,55.57333333,0,0,0,0,996,0,0,0,0,0,0,0,570,757,17,51
2017-09-25,56.95333333,6,0,20,0,1781,2529,81,0,104,0,0,0,521,2218,19,325
2017-10-02,56.57,40,0,72,0,941,1829,54,0,77,0,0,0,521,1060,19,2970
2017-10-09,56.82666667,40,0,94,0,1226,1967,42,0,41,0,0,0,332,1057,20,0
2017-10-16,59.10666667,40,0,40,0,0,3,10,0,0,0,0,0,140,542,5363,0
2017-10-23,63.30666667,40,0,0,0,0,0,0,0,0,0,0,0,0,0,6113,0
2017-10-30,61.2,11,0,169,0,0,0,621,0,0,0,0,0,0,0,4676,1158
2017-11-06,60.95,0,0,1294,0,0,0,502,0,0,0,0,0,0,0,4420,1161
2017-11-13,59.90666667,0,0,789,0,0,0,56,0,0,0,0,0,0,0,4680,0
2017-11-20,61.37,0,0,0,0,4036,0,0,0,0,0,0,0,1288,3523,4184,1365
2017-11-27,62.33333333,0,0,169,0,731,0,0,0,0,0,223,0,0,180,3882,0
2017-12-04,63.66666667,0,0,253,0,817,0,0,0,0,0,598,0,0,360,5246,1502
2017-12-11,65.88666667,0,0,501,0,1285,0,30,0,0,0,652,0,0,540,4200,2972
2017-12-18,63.93333333,0,0,276,0,601,0,105,0,0,0,940,0,0,0,4195,1469
2017-12-25,62.86333333,0,0,130,0,1605,0,0,0,14,0,0,0,1144,670,2593,1087
2018-01-01,61.99333333,0,0,92,0,0,0,0,0,17,0,0,0,25,0,2605,2666
2018-01-08,60.04333333,0,0,40,0,2842,0,0,0,2,0,0,0,827,1478,3,0
2018-01-15,60.57333333,0,0,199,0,0,0,0,0,0,0,0,0,0,0,0,384
2018-01-22,61.51666667,0,0,322,0,1649,0,0,0,0,0,0,0,762,738,0,1870
2018-01-29,66.77,0,173,1199,0,1457,0,0,0,0,0,0,0,738,778,40,128
2018-02-05,65.26666667,0,303,0,0,1737,0,0,0,59,0,0,0,381,757,9161,1224
2018-02-12,62.13666667,0,303,0,0,0,0,30,0,46,0,0,0,0,0,7110,1472
2018-02-19,60.34,0,303,233,0,1821,0,260,0,68,0,0,0,189,779,4467,2868
2018-02-26,61.73,0,150,208,0,2849,0,881,0,45,0,0,0,762,1821,3442,2244
2018-03-05,64.61,0,35,280,0,1627,0,79,0,46,0,0,0,381,738,4625,1451
2018-03-12,65.32666667,0,35,185,0,1422,0,180,0,50,0,0,0,381,1057,4984,1665
2018-03-19,64.42333333,0,35,169,0,1754,0,0,0,58,0,0,0,381,1036,4265,2330
2018-03-26,64.07666667,0,30,188,0,0,0,1,0,90,0,0,0,0,0,1755,2214
2018-04-02,61.95666667,0,0,76,0,0,0,0,0,92,0,0,0,0,0,2003,103
2018-04-09,59.33333333,0,0,43,0,0,0,0,0,35,0,0,0,0,0,2409,720
2018-04-16,60.35,0,0,78,0,0,0,11,0,189,0,0,0,0,0,3949,720
2018-04-23,60.86,0,0,70,0,1398,0,9,0,75,0,0,0,381,1038,4140,720
2018-04-30,64.10333333,0,0,83,0,1341,0,10,0,0,0,0,0,570,1017,2819,722
2018-05-07,62.19,0,0,2484,0,0,0,2086,0,0,0,0,0,0,0,6,1014
2018-05-14,60.33333333,0,0,2656,0,0,0,1170,0,0,0,0,0,0,0,2058,967
2018-05-21,56.63333333,0,0,1812,0,1651,0,520,0,0,0,0,0,381,1038,1706,60
2018-05-28,54.93333333,0,0,1943,0,0,0,285,0,0,0,0,0,189,0,2168,309
2018-06-04,59.02,0,0,2131,0,0,0,349,0,386,0,0,0,0,0,1477,166
2018-06-11,59.05666667,0,0,2008,0,1684,0,1088,0,308,0,0,0,381,1790,1114,1301
2018-06-18,59.30666667,0,0,1815,0,40,0,667,0,262,0,0,0,189,0,5,166
2018-06-25,56.65,0,32,1515,0,0,0,544,0,13,0,0,0,0,0,1061,0
2018-07-02,56.61333333,0,223,1623,0,0,0,809,0,144,0,0,0,0,0,2384,0
2018-07-09,57.96333333,0,223,2064,0,0,0,1515,0,290,0,0,0,0,0,2247,0
2018-07-16,55,0,223,2332,0,0,0,2215,0,221,0,0,0,346,0,1224,2393
2018-07-23,57.5,0,223,2371,0,1700,0,1215,0,138,0,0,0,590,757,1413,1542
2018-07-30,60.63333333,0,169,1223,0,0,0,440,0,121,0,0,0,285,0,1257,1400
2018-08-06,64.69666667,0,148,1159,0,0,0,192,0,147,0,0,0,359,0,1272,1625
2018-08-13,64.86666667,0,148,856,0,0,0,15,0,157,0,0,0,454,0,1,1348
2018-08-20,59.76,0,148,15,0,62,0,773,0,76,0,0,0,535,591,1377,313
2018-08-27,58.36333333,0,165,7,0,0,0,695,0,19,0,0,0,423,0,3,787
2018-09-03,57.52,0,208,0,0,0,0,0,0,114,0,0,0,285,0,4297,2121
2018-09-10,57.69,0,208,306,0,0,0,35,0,117,0,0,0,627,0,3961,1764
2018-09-17,55.48,0,208,460,0,1376,0,83,0,120,0,0,0,666,1366,4490,1715
2018-09-24,57.09,0,208,341,0,3555,0,130,0,96,0,0,0,966,1678,5822,3358
2018-10-01,56.99666667,0,29,226,0,0,0,243,0,553,0,0,0,461,0,1538,203
2018-10-08,59.42,0,29,8,0,0,0,13,0,283,0,0,0,231,0,2030,203
2018-10-15,54.4,0,29,29,0,0,0,25,0,203,0,0,0,461,0,4103,203
2018-10-22,55.45666667,0,29,36,0,0,0,0,0,278,0,0,0,231,0,5800,207
2018-10-29,55,0,12,947,0,0,0,14,0,497,0,0,0,461,0,5138,459
2018-11-05,58.12666667,0,0,431,0,0,0,37,0,382,0,0,0,461,340,5242,647
2018-11-12,55.88,0,0,38,0,0,0,56,0,341,0,0,0,461,0,6098,883
2018-11-19,55.25,0,0,151,0,2130,0,18,0,424,0,0,0,570,1978,6308,2604
2018-11-26,55.44333333,0,50,41,0,0,0,56,0,472,0,0,0,768,0,4256,1128
2018-12-03,56.11666667,0,176,1013,0,0,0,93,0,904,0,0,0,384,0,4501,2978
2018-12-10,57.14,0,176,1296,0,0,0,32,0,684,0,0,0,384,0,6753,2529
2018-12-17,54.93333333,0,176,744,0,0,0,3,0,686,0,0,0,576,0,5908,3184
2018-12-24,54.36666667,0,176,69,0,0,0,940,0,535,0,0,0,641,0,2885,3453
2018-12-31,51.70666667,0,0,1900,0,0,0,857,0,104,0,0,0,384,0,2574,3413
2019-01-07,56.68666667,0,0,2626,0,0,0,940,0,37,0,0,0,898,0,3241,565
2019-01-14,60.8,0,0,160,0,3391,0,12,0,0,0,0,0,762,1537,9,4071
2019-01-21,62.10666667,0,0,116,0,3254,0,2,0,0,0,0,0,763,1514,0,4808
2019-01-28,57.47,0,0,138,0,2833,0,0,0,0,135,0,0,762,924,0,596
2019-02-04,56.23,0,0,194,0,3494,0,3,0,0,0,0,0,762,2076,0,722
2019-02-11,56.38,0,0,188,0,3903,0,2,0,1,0,0,0,762,1537,0,0
2019-02-18,56.73,0,0,148,0,0,0,1,0,0,0,0,0,0,0,0,601
2019-02-25,54.11,0,74,152,0,0,0,9,0,41,135,64,0,0,0,1515,2544
2019-03-04,54.00666667,0,174,349,0,0,0,4,0,73,0,594,0,0,0,5807,2370
2019-03-11,53.97,0,174,316,0,0,0,5,0,37,0,1280,0,0,0,5846,2370
2019-03-18,55.83666667,0,174,935,0,0,0,641,0,6,0,835,0,0,0,4925,2421
2019-03-25,58.16333333,0,174,2412,0,0,0,929,0,73,0,597,0,192,498,4294,2422
2019-04-01,58.91333333,0,209,2929,0,0,0,2039,0,262,135,0,0,1214,944,4502,248
2019-04-08,58.70333333,0,209,3238,0,0,0,2226,0,232,0,766,0,955,497,4057,3087
2019-04-15,57.76666667,0,209,2302,0,0,0,2020,0,384,0,793,0,979,900,3659,1245
2019-04-22,57.48666667,0,209,1685,0,0,0,567,0,86,0,485,0,708,332,3932,248
2019-04-29,60.45,0,60,288,0,0,0,141,0,139,135,367,0,192,332,2883,599
2019-05-06,56.95333333,0,0,119,0,0,0,6,0,148,0,958,0,192,1659,3357,1152
2019-05-13,54.71333333,0,0,129,0,0,0,8,0,186,0,665,0,192,728,3177,2772
2019-05-20,51.03333333,0,0,273,0,0,0,27,0,128,0,709,0,384,332,2302,1983
2019-05-27,55.38,0,0,256,0,0,0,18,0,105,135,824,0,384,317,2314,1147
2019-06-03,58.87333333,0,0,108,0,1293,0,13,0,7,0,382,0,446,822,2980,1825
2019-06-10,56.01666667,0,0,91,0,1642,0,22,0,0,0,448,0,446,822,4037,799
2019-06-17,51.73666667,0,0,294,0,68,0,32,0,19,0,360,0,0,0,3019,799
2019-06-24,53.62,0,0,259,0,1301,0,4,0,13,0,0,0,460,1625,2894,892
2019-07-01,53.84,0,0,61,0,0,0,13,0,367,135,0,0,0,0,5,793
2019-07-08,53.26666667,0,0,85,0,0,0,1,0,227,0,0,0,0,0,0,793
2019-07-15,49.75,0,0,9,0,0,0,0,0,527,0,0,0,0,0,0,793
2019-07-22,54.47333333,0,0,2,0,0,0,0,0,268,0,0,0,0,0,0,1112
2019-07-29,54.20666667,0,0,0,0,0,0,0,0,35,135,244,0,0,0,0,2403
2019-08-05,56.28333333,0,0,140,0,1808,0,15,0,12,0,284,0,446,841,2285,1935
2019-08-12,56.32333333,0,0,426,0,0,0,192,0,18,0,224,0,0,0,3094,1773
2019-08-19,58.36333333,0,0,165,0,0,0,267,0,28,0,522,0,0,0,4175,893
2019-08-26,57.08666667,0,0,60,0,0,0,0,0,0,0,702,0,0,0,4342,811
2019-09-02,54.44666667,0,0,309,0,1580,0,139,0,27,0,0,0,381,1791,2789,874
2019-09-09,53.13333333,0,0,383,0,0,0,59,0,50,0,0,0,0,287,2892,874
2019-09-16,51.46,0,0,365,0,1474,0,44,0,38,0,0,0,762,1707,2634,1526
2019-09-23,52.35333333,0,0,290,0,2918,0,22,0,11,0,0,0,189,841,2661,5699
2019-09-30,53.79666667,0,0,234,0,0,0,1,0,81,0,0,0,0,1419,2277,880
2019-10-07,54.16,0,0,407,0,0,0,1,0,146,0,464,0,0,361,2411,891
2019-10-14,52.17,0,0,304,0,0,0,72,0,131,0,461,0,0,0,2124,891
2019-10-21,51.93333333,0,0,157,0,1254,0,39,0,37,0,411,0,381,841,2672,1088
2019-10-28,53.87333333,0,0,61,0,1764,0,21,0,98,0,422,0,381,1725,2580,1711
2019-11-04,54.06666667,0,0,68,0,1602,0,161,0,116,0,479,0,381,1541,3709,1654
2019-11-11,50.54333333,0,0,175,0,0,0,4,0,44,0,308,0,0,0,3620,1654
2019-11-18,48.07333333,0,0,186,0,0,0,102,0,60,0,192,0,0,0,3696,4349
2019-11-25,50.88,0,47,32,0,2945,0,150,0,51,0,169,0,762,1551,3057,2568
2019-12-02,59.87666667,0,330,129,0,2166,0,239,0,210,0,823,0,381,1541,2914,1173
2019-12-09,61.30333333,0,330,92,0,1301,0,89,0,214,0,708,0,446,1522,2261,2791
2019-12-16,62.67333333,0,330,96,0,1656,0,41,0,157,0,0,0,381,2443,1713,1237
2019-12-23,56.98,0,330,120,0,0,0,45,0,258,0,0,0,0,785,2158,3357
2019-12-30,57.29666667,0,94,49,0,1257,0,5,0,114,0,7,0,446,757,1838,768
2020-01-06,56.03333333,0,0,117,0,0,0,4,0,140,0,0,0,0,0,2093,1977
2020-01-13,55.24,0,0,13,0,0,0,0,0,117,0,0,0,0,0,2368,1747
2020-01-20,54.81333333,0,0,139,0,1418,0,3,0,101,0,0,0,381,376,2391,1897
2020-01-27,55.11,0,0,315,0,0,0,2,0,56,0,0,0,0,0,2586,1539
2020-02-03,55.91333333,0,0,4,0,0,0,0,0,209,0,0,0,0,0,2535,370
2020-02-10,55.83333333,0,0,147,0,1161,0,1,0,159,0,0,0,703,567,2324,370
2020-02-17,53.59333333,0,0,190,0,0,0,1,0,127,0,0,0,0,0,2021,416
2020-02-24,55.13666667,0,0,109,0,1108,0,0,0,69,0,0,0,446,522,2779,595
2020-03-02,55.08333333,0,0,198,0,1402,0,1,0,120,0,0,0,446,784,2399,301
2020-03-09,54.86,0,0,58,0,0,0,3,0,121,0,0,0,0,150,2551,630
2020-03-16,54.72333333,0,0,13,0,0,0,0,0,97,0,803,0,0,150,5727,2640
2020-03-23,51.22333333,0,0,28,0,2977,0,0,0,77,0,687,0,570,1182,5289,1897
2020-03-30,55.94,0,0,53,0,0,0,0,0,108,0,1004,0,0,0,3028,1514
2020-04-06,55.65333333,0,0,38,0,0,0,2,0,103,0,1568,0,0,0,2883,166
2020-04-13,61.88666667,0,0,65,0,0,0,5,0,88,0,0,0,0,0,3512,166
2020-04-20,58.4,0,0,44,0,1194,0,0,0,77,37,0,0,827,1274,2704,2228
2020-04-27,58.25666667,0,0,16,0,0,0,51,0,43,43,0,0,0,0,3951,425
2020-05-04,54.18,0,0,128,0,0,0,8,0,132,0,0,0,0,0,13,331
2020-05-11,56.25333333,0,0,63,0,0,0,11,0,112,0,0,0,0,0,3310,3154
2020-05-18,59.27,0,0,112,0,915,0,1,0,89,20,0,0,446,653,2955,2679
2020-05-25,60.86333333,0,0,43,0,0,0,3,0,117,0,0,0,0,0,3387,1019
2020-06-01,60.25333333,0,0,293,0,0,0,144,0,137,0,0,0,14,0,1,0
2020-06-08,55.96,0,0,203,0,0,0,12,0,115,0,0,0,192,316,2806,1288
2020-06-15,56.56666667,0,0,241,0,0,0,1,0,90,0,1341,0,381,150,1909,0
2020-06-22,52.61,0,0,202,0,1205,0,5,0,110,0,1129,0,904,1889,2861,388
2020-06-29,55.60333333,0,0,146,0,220,0,50,0,115,0,368,0,0,606,17,383
2020-07-06,56.13333333,0,0,88,0,0,0,12,0,92,0,406,0,0,166,2039,0
2020-07-13,60.71333333,0,0,77,0,0,0,17,0,87,0,0,0,0,0,2087,1105
2020-07-20,58.81,0,0,62,0,1248,0,10,0,88,0,611,0,1353,1182,2240,1201
2020-07-27,58.15666667,0,0,18,0,0,0,13,0,86,0,817,0,0,0,2335,347
2020-08-03,56.68,0,0,90,0,0,0,12,0,118,0,1018,0,0,0,8,1714
2020-08-10,57.88333333,0,0,35,0,0,0,19,0,101,0,983,0,0,0,2549,2455
2020-08-17,58.41666667,0,0,90,0,1342,0,15,0,82,0,1923,0,446,591,3313,4160
2020-08-24,59.62,0,0,13,0,121,0,19,0,1,0,2309,0,446,757,3392,2116
2020-08-31,57.87666667,0,22,63,0,121,0,20,0,106,0,0,0,381,778,12,1090
2020-09-07,61.67,0,25,169,0,1852,0,4,0,87,0,0,0,446,757,3530,1158
2020-09-14,60.49333333,0,25,192,0,0,0,2,0,102,0,0,0,0,0,3187,2344
2020-09-21,62.23333333,0,25,106,0,121,0,1,0,90,0,0,0,446,757,4121,1915
2020-09-28,57.88666667,0,51,139,0,0,0,83,0,100,0,0,0,0,0,25,0
2020-10-05,59.21,0,70,27,0,1194,0,4,0,93,0,0,0,446,738,3094,0
2020-10-12,61.23333333,0,70,331,0,121,0,35,0,83,37,1377,0,446,757,2920,7692
2020-10-19,63.7,0,70,696,0,1820,0,28,0,54,0,2187,0,762,1367,2869,3015
2020-10-26,64.6,0,65,527,0,0,0,1,0,81,0,846,0,0,0,4493,2299
2020-11-02,59.4,0,34,6,0,1232,0,0,0,122,0,1680,0,446,778,10,1053
2020-11-09,59.90666667,0,34,388,0,0,0,1,0,114,0,2504,0,0,0,3834,1846
2020-11-16,62.73333333,0,34,119,0,0,0,0,0,84,0,2013,0,0,0,3848,1454
2020-11-23,67.72333333,0,34,89,0,2249,0,1,0,458,0,0,0,570,1991,11023,4692
2020-11-30,67.71666667,0,6,12,0,1775,0,143,0,114,0,0,0,891,757,2405,901
2020-12-07,65.39,0,1,35,0,0,0,43,0,99,0,641,0,0,166,2621,901
2020-12-14,65.53333333,0,1,22,0,1115,0,70,0,99,0,701,0,446,738,2320,1366
2020-12-21,66.96666667,0,1,45,0,0,0,59,0,136,0,532,0,446,0,2570,3716
2020-12-28,65.96666667,0,1,202,0,0,0,126,0,216,0,358,0,446,0,1318,17
2021-01-04,65.47,0,0,280,0,0,0,122,0,475,0,284,0,0,0,2025,783
2021-01-11,61.65333333,0,0,290,0,121,0,28,0,324,0,247,0,446,738,2079,987
2021-01-18,61.73333333,0,0,95,0,0,0,1,0,1,0,0,0,0,0,7,924
2021-01-25,62.33333333,0,0,74,0,4168,0,3,0,274,0,381,0,1606,2715,5989,677
2021-02-01,63.44333333,0,0,239,0,0,0,9,0,244,0,762,0,446,0,4386,3618
2021-02-08,66.65666667,0,0,353,0,121,0,89,0,229,0,870,0,446,757,4782,2707
2021-02-15,67.00666667,0,0,398,0,0,0,53,0,213,0,801,0,0,0,3809,822
2021-02-22,69.35,0,0,511,0,1301,0,125,0,140,0,792,0,971,1468,2600,960
2021-03-01,62.19333333,0,0,510,0,0,0,181,0,185,0,684,0,446,453,4685,1811
2021-03-08,62.51,0,0,444,0,1351,0,59,0,167,0,698,0,827,2580,3847,0
2021-03-15,63.17,0,0,396,0,121,0,69,0,157,0,866,0,996,1238,3697,690
2021-03-22,63.31666667,0,0,405,0,2231,0,82,0,202,0,943,0,1116,3183,5337,0
2021-03-29,59.78666667,0,0,29,0,0,0,5,0,292,0,0,0,0,0,1676,0
2021-04-05,58.22,0,0,14,0,0,0,39,0,307,0,1030,0,762,1148,3970,889
2021-04-12,63.37333333,0,0,79,0,0,0,32,0,273,0,792,0,257,0,3790,1383
2021-04-19,64.91666667,0,0,25,0,2691,0,2,0,236,0,0,0,892,1679,4071,889
2021-04-26,62.76,0,0,42,0,0,0,2,0,218,0,0,0,0,0,4172,628
2021-05-03,59.8,0,0,19,0,0,0,5,0,211,0,814,0,381,780,1185,625
2021-05-10,61.17,0,0,13,0,0,0,22,0,150,0,828,0,0,0,3674,625
2021-05-17,61.39666667,0,0,4,0,121,0,20,0,71,0,0,0,446,899,3513,1383
2021-05-24,61.80666667,0,0,5,0,1115,0,0,0,38,0,864,0,446,780,2537,1294
2021-05-31,61.11333333,0,43,27,0,0,0,1,0,97,0,909,0,189,0,20,0
2021-06-07,62.86333333,0,50,32,0,0,0,21,0,103,0,0,0,0,0,2437,541
2021-06-14,63.38666667,0,50,13,0,0,0,0,0,114,0,0,0,0,212,3031,541
2021-06-21,59.87,0,50,25,0,1655,0,20,0,112,0,0,0,382,608,2365,2789
2021-06-28,56.30666667,0,64,12,0,1156,0,38,0,43,0,1213,0,381,2173,25,204
2021-07-05,56.56,0,75,95,0,0,0,1,0,104,0,551,0,0,0,0,701
2021-07-12,59.3,0,75,85,0,0,0,0,0,97,0,527,0,192,299,0,1316
2021-07-19,60.87666667,0,75,22,0,242,0,0,0,184,0,416,0,1083,1078,0,3362
2021-07-26,59.82,0,64,29,0,0,0,24,0,147,0,532,0,192,653,3602,1123
2021-08-02,59.82666667,0,0,62,0,0,0,14,0,112,0,725,0,192,378,2772,871
2021-08-09,58.02666667,0,0,63,0,198,0,2,0,227,0,977,0,638,1233,15,1264
2021-08-16,59.72666667,0,0,39,0,1199,0,0,0,181,0,635,0,573,1031,3407,3644
2021-08-23,60.44666667,0,0,130,0,1220,0,11,0,111,0,327,0,381,780,2549,2589
2021-08-30,65.11,0,0,109,0,0,0,5,0,68,0,0,0,0,0,19,0
2021-09-06,63.92,0,0,42,0,121,0,2,0,148,0,0,0,446,987,3247,525
2021-09-13,62.35,0,0,11,0,0,0,63,0,130,0,0,0,0,0,3129,0
2021-09-20,60.42666667,0,0,39,0,2377,0,96,0,114,0,0,0,1208,2255,2575,1232
2021-09-27,61.47,0,0,85,0,84,0,22,0,70,0,0,0,0,0,3228,1459
2021-10-04,61.72666667,0,0,102,0,0,0,25,0,142,0,765,0,0,0,27,525
2021-10-11,57.74,0,0,84,0,0,0,19,0,119,0,959,0,0,0,3488,0
2021-10-18,57.64,0,0,39,0,0,0,15,0,77,0,0,0,0,0,3645,272
2021-10-25,58.66666667,0,0,13,0,884,0,0,0,103,0,0,0,382,652,3637,635
2021-11-01,65.03,0,0,14,0,0,0,75,0,212,0,709,0,0,0,9,1312
2021-11-08,62.77666667,0,0,16,0,0,0,191,0,172,0,988,0,0,0,2613,1234
2021-11-15,61.03,0,0,5,0,0,0,52,0,116,0,0,0,381,463,2585,1234
2021-11-22,58.37333333,0,0,2,0,1070,0,18,0,282,0,0,0,891,1475,3270,1058
2021-11-29,55.82,0,0,6,0,994,0,0,0,1,0,0,0,0,614,16,239
2021-12-06,55.76666667,0,0,3,0,0,0,1,0,147,0,0,0,0,0,2684,1879
2021-12-13,53.89,0,0,9,0,121,0,0,0,169,0,0,0,446,652,3104,1238
2021-12-20,54.98333333,0,0,27,0,0,0,2,0,120,0,0,0,381,0,3427,0
2021-12-27,55.78666667,0,0,53,0,0,0,3,0,144,0,0,0,189,535,3266,682
2022-01-03,58.26333333,0,0,4,0,0,0,2,0,326,0,689,161,0,0,4086,0
2022-01-10,62.35333333,0,0,19,0,0,0,19,0,273,0,570,44,0,0,2380,0
2022-01-17,63.90666667,0,0,8,0,0,0,1,0,177,0,0,37,0,0,2300,0
2022-01-24,61.12,0,0,47,0,872,0,1,0,0,0,0,16,381,757,26,0
2022-01-31,60.45333333,0,0,50,0,0,0,28,0,0,0,0,194,0,0,0,0
2022-02-07,56.94,0,0,23,0,663,0,52,0,0,0,0,215,636,684,0,491
2022-02-14,56.22,0,0,28,0,0,0,1,0,0,0,0,269,0,0,0,614
2022-02-21,52.21666667,0,0,77,0,551,0,0,0,1,0,0,384,827,1661,0,0
2022-02-28,52.67,0,195,461,0,845,0,22,0,208,0,375,447,1161,1833,7340,716
2022-03-07,54.97666667,0,227,240,0,0,0,22,0,181,0,582,420,0,0,6675,2810
2022-03-14,59.00666667,0,227,272,0,0,0,2,0,339,0,772,334,0,0,9477,4530
2022-03-21,59.12333333,0,227,91,0,480,0,1,0,586,0,1130,415,446,757,4840,1709
2022-03-28,57.32,0,181,30,0,0,0,0,0,281,0,0,372,0,0,4615,943
2022-04-04,56.80333333,0,120,192,0,0,0,0,0,126,0,130,373,0,0,4472,622
2022-04-11,58.62,0,120,225,0,0,0,0,0,106,0,199,386,0,0,4485,622
2022-04-18,56.76333333,0,120,11,0,0,0,16,0,105,0,936,356,0,0,4051,622
2022-04-25,56.01333333,0,106,0,0,1237,0,0,0,87,0,1161,495,702,1892,4243,1042
2022-05-02,55.41333333,0,22,1,0,0,0,0,0,44,0,1239,484,0,0,2104,0
2022-05-09,58.79666667,0,22,0,0,846,0,0,0,112,0,0,508,0,271,4875,624
2022-05-16,62.15666667,0,22,2,0,320,0,0,0,89,0,0,488,0,248,6190,1701
2022-05-23,62.27666667,0,22,10,0,1270,0,0,0,117,0,874,586,827,1327,3542,1063
2022-05-30,60.17333333,0,6,4,0,0,0,0,0,81,0,1432,683,0,0,30,785
2022-06-06,57.89333333,0,0,5,0,320,0,0,0,129,0,331,644,0,248,4055,813
2022-06-13,54.31666667,0,0,14,0,0,0,0,0,107,0,331,715,0,151,4093,1484
2022-06-20,59.12666667,0,0,6,0,846,0,0,0,92,0,331,756,381,529,4332,2760
2022-06-27,59.32666667,0,0,146,0,0,0,0,0,90,0,0,800,0,0,53,397
2022-07-04,59.63666667,0,0,166,0,400,0,2,0,82,0,0,734,0,271,0,410
2022-07-11,57.85,0,0,125,0,0,0,2,0,77,0,0,697,0,338,0,668
2022-07-18,54.65,0,0,192,0,328,0,0,0,413,0,0,788,381,577,0,4776
2022-07-25,54.20666667,0,0,249,0,320,0,1,0,327,0,0,759,446,635,0,4552
2022-08-01,53.93666667,0,0,131,0,846,0,4,0,267,0,379,726,0,465,4214,492
2022-08-08,56.92666667,0,0,296,0,441,0,3,0,60,0,685,778,703,1737,3623,1945
2022-08-15,57.65333333,0,0,282,0,0,0,1,0,39,0,581,676,0,0,3604,521
2022-08-22,56.01666667,0,0,129,0,0,0,4,0,0,0,543,497,716,166,10,1120
2022-08-29,53.9,0,59,154,0,320,0,58,0,0,0,144,464,0,612,0,0
2022-09-05,55.94666667,0,103,217,0,518,0,23,0,59,0,0,496,1289,1324,3770,0
2022-09-12,57.50333333,0,103,304,0,1846,0,46,0,69,0,0,645,0,591,3127,2501
2022-09-19,59.07333333,0,103,483,0,0,0,30,0,18,0,0,578,0,0,2322,667
2022-09-26,61.71666667,0,105,447,0,393,0,56,0,0,0,435,460,381,1526,2523,0
2022-10-03,60.79333333,0,109,181,0,0,0,4,0,0,0,731,651,0,0,19,0
2022-10-10,60.37333333,0,109,363,0,0,0,0,0,0,0,0,556,0,150,3203,0
2022-10-17,57.17666667,0,109,154,0,0,0,1,0,0,0,0,489,0,281,3265,0
2022-10-24,56.7,0,109,185,0,448,0,2,0,0,0,0,680,827,591,2843,553
2022-10-31,54.09666667,0,24,153,0,0,0,7,0,0,0,494,787,0,0,3448,553
2022-11-07,56.45,0,10,151,0,121,0,0,0,1,0,752,977,381,1050,3332,2032
2022-11-14,56.07333333,0,10,206,0,0,0,0,0,130,0,0,896,0,0,3742,781
2022-11-21,57.16666667,0,10,230,0,1116,0,0,0,356,0,0,871,446,1406,3483,3522
2022-11-28,51.04,0,4,105,0,1154,0,2,0,0,0,0,911,891,1541,14,207
2022-12-05,47.13666667,0,0,315,0,0,0,2,0,20,0,0,890,0,29,2329,365
2022-12-12,51.94,0,0,316,0,121,0,16,0,97,0,523,838,446,898,2281,943
2022-12-19,55.51666667,0,0,435,0,0,0,7,0,87,0,313,793,0,0,2392,0
2022-12-26,59.38,0,0,343,0,480,0,5,0,130,0,0,686,381,688,158,0
2023-01-02,55.91333333,0,0,624,0,0,0,19,0,103,0,0,653,0,0,5787,0
2023-01-09,57.39333333,0,0,199,0,0,0,26,0,60,0,0,624,0,0,2583,0
2023-01-16,59.16,0,0,336,0,0,0,26,0,0,0,0,651,0,0,1137,0
2023-01-23,58.08,0,0,490,0,359,0,11,0,0,0,0,662,446,757,187,1445
2023-01-30,56.57666667,0,0,1086,0,1127,0,17,0,2,0,458,761,716,780,3700,312
2023-02-06,54.62,0,0,993,0,0,0,2,0,274,0,696,846,0,0,3555,727
2023-02-13,52.72666667,0,0,488,0,0,0,2,0,276,0,0,818,0,0,3392,195
2023-02-20,55.00666667,0,0,577,0,359,0,547,0,188,0,0,976,446,760,824,0
2023-02-27,53.52,0,138,276,0,0,0,0,0,0,0,641,945,0,0,5210,242
2023-03-06,55.72,0,194,137,0,0,0,0,0,0,0,898,768,0,0,4715,1332
2023-03-13,55.21333333,0,194,122,0,0,0,0,0,0,0,172,696,0,635,4882,792
2023-03-20,57.44333333,0,194,378,0,480,0,8,0,0,0,0,729,446,591,4308,751
2023-03-27,54.89,0,173,396,0,0,0,9,0,0,0,0,424,0,0,53,0
2023-04-03,53.57666667,0,123,428,0,0,0,261,0,0,0,20,436,0,0,4620,628
2023-04-10,53.98,0,123,638,0,480,0,711,0,0,0,582,532,446,998,4875,1021
2023-04-17,54.32666667,0,123,168,0,0,0,1,0,0,0,838,600,0,0,4076,0
2023-04-24,55.09,0,123,406,0,0,0,3163,0,1,0,0,717,446,463,4782,0
2023-05-01,54.99333333,0,0,120,0,0,0,975,0,171,0,0,730,0,0,6092,0
2023-05-08,55.20666667,0,0,273,0,0,0,1,0,111,0,0,532,0,0,4127,0
2023-05-15,53.44,0,0,453,0,0,0,55,0,104,0,0,133,0,0,4974,0
2023-05-22,53.42666667,0,0,278,0,872,0,5,0,0,0,0,323,446,757,4655,0
2023-05-29,53.28,0,0,299,0,0,0,14,0,75,0,0,593,257,0,55,1082
2023-06-05,54.36666667,0,0,291,0,0,0,407,0,66,0,0,644,0,0,3377,0
2023-06-12,51,0,0,299,0,1238,0,90,0,2,0,0,591,826,1535,3795,0
2023-06-19,53.70333333,0,0,248,0,0,0,226,0,0,0,0,765,0,0,4183,0
2023-06-26,55.00666667,0,0,409,0,1185,0,185,0,0,0,0,736,892,1352,4982,392
2023-07-03,57.35333333,0,0,1157,0,198,0,15,0,47,0,0,901,446,757,4092,4017
2023-07-10,59.24666667,0,0,717,0,0,0,423,0,68,0,0,999,446,149,3019,2353
2023-07-17,58.46,0,0,812,0,0,0,22,0,59,0,0,1064,0,0,1338,1272
2023-07-24,58.05,0,0,789,0,872,0,767,0,61,0,0,1022,446,1369,8,2359
2023-07-31,58.16,0,0,589,0,0,0,242,0,69,0,0,1042,257,878,2985,2583
2023-08-07,59.4,0,0,807,0,0,0,68,0,190,0,0,993,189,166,3471,195
2023-08-14,62.26333333,0,0,363,0,0,0,10,0,182,0,589,659,0,0,3791,195
2023-08-21,59.44666667,0,0,413,0,1170,0,49,0,29,0,431,376,1081,1506,2931,356
2023-08-28,59.45333333,0,0,647,0,0,0,63,0,66,0,0,620,0,0,3783,3151
2023-09-04,57.18333333,0,0,734,0,0,0,8,0,97,0,0,1095,0,0,7110,1017
2023-09-11,56.40333333,0,0,315,0,169,0,6,0,24,0,0,1240,715,876,4178,0
2023-09-18,56.50333333,0,0,366,0,995,0,24,0,59,0,0,992,378,526,4649,2278
2023-09-25,57.70333333,0,0,673,0,715,0,180,0,162,0,0,1028,635,675,21,1667
2023-10-02,56.81666667,0,0,435,0,242,0,58,0,309,0,0,1116,189,1342,5392,281
2023-10-09,55.47333333,0,0,367,0,0,0,1,0,301,0,0,721,446,166,4346,687
2023-10-16,54.91333333,0,0,533,0,63,0,0,0,256,0,0,640,446,391,8041,0
2023-10-23,57.47,0,0,516,0,2379,0,0,0,98,0,0,443,446,945,3842,120
2023-10-30,58.16333333,0,0,552,0,230,0,64,0,175,0,697,516,446,945,5254,120
2023-11-06,58.59,0,0,593,0,0,0,26,0,70,0,581,471,0,0,4703,195
2023-11-13,56.34,0,0,802,0,0,0,42,0,100,0,0,365,381,0,5041,209
2023-11-20,53.88333333,0,0,538,0,1115,0,41,0,184,0,0,377,446,1627,4998,2152
2023-11-27,51.2,0,0,164,0,1173,0,5,0,342,0,0,383,827,1273,1759,431
2023-12-04,51.39333333,0,0,140,0,54,0,15,0,321,0,137,410,381,0,7369,230
2023-12-11,51.69666667,0,0,36,0,0,0,5,0,124,0,268,417,381,635,5226,855
2023-12-18,54.82333333,0,0,47,0,0,0,25,0,37,0,0,433,0,0,4570,2083
2023-12-25,56.35666667,0,0,418,0,729,0,13,0,221,0,0,373,446,1525,5466,195
2024-01-01,59.49666667,0,0,0,134,0,0,0,0,313,0,443,399,650,0,4556,0
2024-01-08,59.71333333,0,0,0,227,0,0,0,0,104,0,248,218,420,30,2545,0
2024-01-15,59.48,0,0,0,56,1580,0,0,0,177,0,377,45,1296,2189,3360,3168
2024-01-22,57.96666667,0,0,0,166,0,0,0,0,220,0,0,66,0,991,2899,1708
2024-01-29,56.74333333,0,32,0,29,674,0,0,0,17,0,0,35,0,163,18,477
2024-02-05,56.49333333,0,55,0,22,0,0,0,0,0,0,0,58,0,0,480,357
2024-02-12,56.74,0,55,0,13,0,0,0,0,1,0,0,44,0,0,793,0
2024-02-19,55.78333333,0,55,0,7,1039,0,0,0,211,0,0,40,420,740,10071,0
2024-02-26,53.57,0,90,0,1,0,0,0,0,223,0,0,18,0,552,7958,0
2024-03-04,56.09666667,0,137,0,22,0,0,0,0,117,0,0,35,0,0,7051,1011
2024-03-11,56,0,137,0,24,0,0,0,0,120,0,0,14,0,0,7009,398
2024-03-18,54.69,0,137,0,67,33,0,0,0,120,0,0,30,0,0,5512,633
2024-03-25,49.68,0,137,0,248,0,0,0,0,108,0,0,1,1215,760,6151,482
2024-04-01,53.29,0,0,0,139,0,0,0,0,0,0,0,6,573,0,5823,0
2024-04-08,57.61,0,0,0,322,0,0,0,0,1,0,364,2,0,0,3949,300
2024-04-15,60.63666667,0,0,0,182,589,0,0,0,150,0,630,6,231,745,5676,193
2024-04-22,56.25,0,0,0,79,1456,0,0,0,133,0,0,1,420,1666,591,0
2024-04-29,57.81666667,0,0,0,431,0,0,0,0,100,0,0,1,0,0,186,944
2024-05-06,60.27,0,0,0,159,0,0,0,0,0,0,0,2,0,276,3574,845
2024-05-13,61.13333333,0,0,0,457,0,0,0,0,0,0,0,2,420,264,3801,0
2024-05-20,57.15666667,0,0,0,73,1444,0,0,0,2,0,0,2,420,740,3851,8
2024-05-27,53.67,0,0,0,134,59,0,0,0,108,0,0,5,0,552,3910,1289
2024-06-03,53.27333333,0,0,0,917,0,0,0,0,0,0,0,1432,0,0,3997,133
2024-06-10,54.87333333,0,0,0,746,0,0,0,0,0,0,0,1245,0,0,3609,12
2024-06-17,53.12666667,0,0,0,368,0,0,0,0,0,0,0,966,0,253,50,17
2024-06-24,55.12333333,0,0,0,99,1406,0,0,0,0,0,0,784,650,994,0,5
